player_name,Position,Team Name,Buts (sans les pénaltys),npxG: xG sans les pénaltys,Total des tirs,Passes décisives,xAG: Prévu(s) Buts assistés,npxG + xAG,Actions menant à un tir,Passes tentées,% de passes réussies,Passes progressives,Possessions progressives,Dribbles réussis,Touches (SurfRépOff),Passes progressives reçues,Tacles,Interceptions,Balles contrées,Dégagements,Duel aérien gagnés,Age,Categorie_Clustering,Categorie_Large,Categorie_Age
Eliesse Ben Seghir,LW,Monaco,0.37,0.17,3.22,0.28,0.25,0.41,4.41,46.42,78.4,5.79,5.88,1.56,4.32,10.02,2.39,0.18,1.2,0.28,0.64,19.0,Ailiers,Attaquants,Jeune (< 23 ans)
Lamine Camara,CM,Monaco,0.12,0.07,1.2,0.19,0.13,0.2,2.98,43.9,75.7,3.94,1.0,0.93,0.62,2.13,2.55,1.28,1.51,1.31,0.5,20.0,Milieux Centraux,Milieux,Jeune (< 23 ans)
Maghnes Akliouche,RW,Monaco,0.22,0.23,1.89,0.22,0.19,0.42,4.7,46.82,77.6,5.53,2.94,1.54,4.12,7.02,1.97,0.39,1.1,0.26,0.22,22.0,Ailiers,Attaquants,Jeune (< 23 ans)
Soungoutou Magassa,DM,Monaco,0.0,0.03,0.7,0.0,0.01,0.04,1.01,65.74,88.4,6.04,0.5,0.91,0.7,0.81,4.83,1.61,1.21,2.01,1.61,21.0,Milieux Défensifs,Milieux,Jeune (< 23 ans)
Christian Mawissa,CB,Monaco,0.13,0.07,0.33,0.0,0.03,0.09,1.24,51.28,82.8,2.81,1.77,1.83,0.98,0.98,2.22,2.03,1.9,3.07,1.57,19.0,Défenseurs Centraux,Défenseurs,Jeune (< 23 ans)
Kassoum Ouattara,LB,Monaco,0.11,0.17,1.22,0.11,0.18,0.33,2.0,46.95,68.5,3.56,4.12,1.22,2.78,8.68,2.45,1.67,1.45,2.23,1.89,20.0,Latéraux,Défenseurs,Jeune (< 23 ans)
George Ilenikhena,CF,Monaco,0.81,0.5,2.84,0.0,0.08,0.57,1.72,12.67,68.8,0.91,1.11,0.41,5.37,5.57,0.0,0.0,0.1,0.41,2.53,18.0,Attaquants,Attaquants,Jeune (< 23 ans)
João Neves,DM,Paris S-G,0.0,0.05,1.09,0.29,0.12,0.18,3.09,74.09,88.0,6.81,1.95,1.66,1.49,2.52,3.72,1.32,1.03,1.2,1.2,20.0,Milieux Défensifs,Milieux,Jeune (< 23 ans)
Warren Zaïre-Emery,CM,Paris S-G,0.13,0.08,0.64,0.13,0.13,0.2,3.36,59.45,92.2,4.47,2.56,0.93,1.41,3.71,2.08,0.67,1.34,1.31,0.54,18.0,Milieux Centraux,Milieux,Jeune (< 23 ans)
Bradley Barcola,LW,Paris S-G,0.44,0.39,2.49,0.32,0.26,0.66,4.26,35.29,77.7,3.21,5.98,2.81,7.91,13.57,1.85,0.48,1.65,0.68,0.76,22.0,Ailiers,Attaquants,Jeune (< 23 ans)
Lucas Beraldo,CB,Paris S-G,0.05,0.05,0.24,0.0,0.02,0.07,0.82,85.79,90.1,3.73,0.48,0.24,0.48,0.1,2.08,1.35,1.11,2.23,1.55,20.0,Défenseurs Centraux,Défenseurs,Jeune (< 23 ans)
Nuno Mendes,LB,Paris S-G,0.16,0.06,1.05,0.16,0.12,0.18,2.98,78.72,84.4,7.17,3.38,1.61,1.93,4.51,1.93,1.21,1.29,1.61,0.73,22.0,Latéraux,Défenseurs,Jeune (< 23 ans)
Désiré Doué,LW,Paris S-G,0.15,0.13,2.2,0.25,0.25,0.38,5.0,43.88,73.7,6.3,4.25,3.35,4.3,10.14,1.8,0.6,1.6,0.35,0.35,19.0,Ailiers,Attaquants,Jeune (< 23 ans)
Lamine Yamal,RW,Barcelona,0.29,0.22,2.7,0.32,0.3,0.52,4.56,44.81,78.4,3.82,5.14,2.98,5.62,13.91,2.35,0.8,1.35,0.23,0.09,17.0,Ailiers,Attaquants,Jeune (< 23 ans)
Pau Cubarsí,CB,Barcelona,0.0,0.01,0.24,0.03,0.05,0.06,1.3,82.85,91.7,4.62,0.65,0.14,0.51,0.1,1.16,0.55,0.85,3.59,1.74,17.0,Défenseurs Centraux,Défenseurs,Jeune (< 23 ans)
Pedri,CM,Barcelona,0.19,0.13,0.8,0.27,0.2,0.33,3.99,67.35,86.5,7.87,2.24,0.91,1.98,4.33,2.28,0.87,1.6,0.99,0.11,21.0,Milieux Centraux,Milieux,Jeune (< 23 ans)
Alejandro Balde,LB,Barcelona,0.0,0.03,0.52,0.05,0.09,0.12,2.36,50.89,86.4,3.19,4.19,1.41,2.25,8.9,0.84,0.37,0.79,1.1,0.52,21.0,Latéraux,Défenseurs,Jeune (< 23 ans)
Marc Casado,DM,Barcelona,0.0,0.1,0.91,0.26,0.08,0.17,3.12,68.8,89.8,7.8,1.04,0.26,0.52,2.47,2.6,0.52,0.91,1.95,0.52,21.0,Milieux Défensifs,Milieux,Jeune (< 23 ans)
Pablo Torre,AM,Barcelona,0.11,0.08,1.34,0.34,0.1,0.18,3.02,55.63,83.7,7.5,2.91,0.78,2.8,5.15,1.12,0.56,1.01,0.78,0.11,21.0,Milieux Offensifs,Milieux,Jeune (< 23 ans)
Héctor Fort,RB,Barcelona,0.0,0.0,0.35,0.35,0.14,0.16,1.39,69.36,89.3,3.47,1.39,0.87,0.52,7.63,1.91,0.52,0.35,1.73,0.17,18.0,Latéraux,Défenseurs,Jeune (< 23 ans)
Fermin López,CM,Barcelona,0.49,0.48,3.23,0.05,0.08,0.55,2.8,38.86,83.1,4.71,2.47,1.32,4.17,5.92,2.8,0.33,0.93,0.38,0.6,21.0,Milieux Centraux,Milieux,Jeune (< 23 ans)
Ansu Fati,LW,Barcelona,0.4,0.36,3.91,0.13,0.13,0.51,4.18,39.21,85.2,4.31,2.69,1.21,6.33,9.43,0.81,0.54,1.08,0.4,0.13,22.0,Ailiers,Attaquants,Jeune (< 23 ans)
Álex Valle,LB,Barcelona,0.0,0.03,0.71,0.0,0.05,0.09,2.3,58.94,77.0,4.31,2.07,0.89,1.3,3.9,3.07,1.71,1.36,2.66,1.18,20.0,Latéraux,Défenseurs,Jeune (< 23 ans)
Michael Olise,RW,Bayern Munich,0.74,0.41,3.96,0.4,0.38,0.79,5.54,55.51,77.0,6.28,4.55,2.87,5.74,10.29,1.43,0.59,1.19,0.54,0.54,22.0,Ailiers,Attaquants,Jeune (< 23 ans)
Pavlovic,DM,Bayern Munich,0.13,0.06,0.49,0.09,0.05,0.11,2.6,79.03,93.0,8.6,1.03,0.31,0.63,1.34,1.84,0.99,1.12,1.03,0.85,20.0,Milieux Défensifs,Milieux,Jeune (< 23 ans)
Jamal Musiala,AM,Bayern Munich,0.45,0.39,3.01,0.19,0.32,0.71,5.37,42.3,82.4,5.4,5.11,3.91,6.82,8.57,1.88,0.94,1.13,0.19,0.26,21.0,Milieux Offensifs,Milieux,Jeune (< 23 ans)
Mathys Tel,LW,Bayern Munich,0.31,0.28,3.22,0.39,0.22,0.5,3.77,36.0,82.5,2.52,3.93,3.3,6.05,10.45,0.94,0.55,1.02,0.39,1.18,19.0,Ailiers,Attaquants,Jeune (< 23 ans)
Gravenberch,CM,Liverpool,0.09,0.12,1.37,0.0,0.08,0.2,3.0,49.44,86.4,6.69,2.92,1.54,2.23,4.16,2.02,1.5,1.63,0.77,0.73,22.0,Milieux Centraux,Milieux,Jeune (< 23 ans)
Jarell Quansah,CB,Liverpool,0.17,0.07,0.46,0.0,0.01,0.07,1.03,89.25,89.5,4.71,0.98,0.34,0.86,0.23,1.95,1.09,1.32,2.87,3.33,21.0,Défenseurs Centraux,Défenseurs,Jeune (< 23 ans)
Conor Bradley,RB,Liverpool,0.08,0.09,1.18,0.25,0.13,0.22,2.77,67.0,81.5,3.78,3.78,1.43,4.03,6.8,3.11,1.18,2.1,1.93,1.26,21.0,Latéraux,Défenseurs,Jeune (< 23 ans)
Harvey Elliott,CM,Liverpool,0.15,0.17,3.0,0.5,0.25,0.42,5.0,65.91,83.0,7.9,3.1,0.85,4.1,8.05,1.85,0.5,1.55,0.3,0.5,21.0,Milieux Centraux,Milieux,Jeune (< 23 ans)
Riccardo Calafiori,CB,Arsenal,0.11,0.07,0.75,0.18,0.04,0.11,1.67,66.83,89.0,3.8,0.92,0.71,1.17,1.03,2.02,1.81,1.56,2.95,2.34,22.0,Défenseurs Centraux,Défenseurs,Jeune (< 23 ans)
Joško Gvardiol,LB,Manchester City,0.17,0.1,1.19,0.06,0.07,0.17,2.26,76.78,89.7,6.3,2.43,0.99,2.35,3.9,2.12,1.24,1.38,1.67,1.13,22.0,Latéraux,Défenseurs,Jeune (< 23 ans)
Rico Lewis,RB,Manchester City,0.1,0.12,0.78,0.24,0.18,0.3,2.44,61.74,91.7,4.39,2.54,0.54,3.81,5.71,1.46,0.49,1.12,1.17,0.1,19.0,Latéraux,Défenseurs,Jeune (< 23 ans)
Jeremy Doku,LW,Manchester City,0.14,0.16,2.93,0.41,0.29,0.45,6.37,49.83,82.6,3.48,12.46,5.31,12.87,17.54,1.97,0.27,0.92,0.23,0.05,22.0,Ailiers,Attaquants,Jeune (< 23 ans)
Sávio,RW,Manchester City,0.23,0.19,1.46,0.26,0.25,0.44,3.99,35.6,77.2,3.24,6.06,3.18,5.67,12.61,1.36,0.55,0.94,0.29,0.06,20.0,Ailiers,Attaquants,Jeune (< 23 ans)
James Mcatee,AM,Manchester City,0.16,0.12,1.37,0.16,0.15,0.27,3.02,26.82,68.1,2.52,2.74,1.65,3.78,5.7,1.7,0.6,1.04,0.99,0.55,22.0,Milieux Offensifs,Milieux,Jeune (< 23 ans)
Hugo Larsson,CM,Eint Frankfurt,0.17,0.12,0.55,0.04,0.05,0.18,1.3,41.52,87.0,3.36,0.92,0.21,0.8,1.76,1.43,1.26,1.6,1.68,0.63,20.0,Milieux Centraux,Milieux,Jeune (< 23 ans)
Hugo Ekitike,CF,Eint Frankfurt,0.54,0.43,3.62,0.38,0.31,0.73,4.16,26.02,70.1,1.46,2.62,2.93,6.7,7.7,1.31,0.46,0.92,0.69,2.23,22.0,Attaquants,Attaquants,Jeune (< 23 ans)
Fares Chaïbi,AM,Eint Frankfurt,0.08,0.2,2.13,0.17,0.29,0.49,3.96,42.18,64.7,4.01,2.5,0.46,3.38,6.59,1.38,0.46,1.59,1.34,0.54,21.0,Milieux Offensifs,Milieux,Jeune (< 23 ans)
Ansgar Knauff,RW,Eint Frankfurt,0.31,0.23,1.61,0.16,0.14,0.37,2.79,30.01,63.2,2.52,3.11,1.02,4.48,6.88,2.16,0.75,1.65,0.67,0.94,22.0,Ailiers,Attaquants,Jeune (< 23 ans)
Igor Matanovic,CF,Eint Frankfurt,0.59,0.44,2.86,0.25,0.16,0.6,2.94,20.96,63.5,1.43,0.8,1.34,5.42,5.75,0.46,0.21,0.76,1.09,4.54,21.0,Attaquants,Attaquants,Jeune (< 23 ans)
Can Uzun,AM,Eint Frankfurt,0.64,0.32,3.14,0.12,0.1,0.42,3.54,32.07,78.3,3.89,2.38,2.27,2.67,3.14,0.58,0.17,0.87,0.23,0.35,18.0,Milieux Offensifs,Milieux,Jeune (< 23 ans)
Nathaniel Brown,LB,Eint Frankfurt,0.0,0.02,0.75,0.23,0.07,0.09,1.6,44.69,77.3,4.18,2.68,0.7,1.03,2.72,3.38,0.99,1.41,2.49,0.33,21.0,Latéraux,Défenseurs,Jeune (< 23 ans)
Jude Bellingham,AM,Real Madrid,0.4,0.27,2.04,0.26,0.2,0.47,3.74,59.78,88.6,7.39,3.19,1.64,4.46,6.35,2.01,0.83,1.73,0.66,0.95,21.0,Milieux Offensifs,Milieux,Jeune (< 23 ans)
Arda Güler,RW,Real Madrid,0.81,0.36,3.64,0.0,0.24,0.61,5.66,52.14,84.0,5.39,3.1,2.16,4.99,7.14,2.02,0.4,0.94,1.08,0.27,19.0,Ailiers,Attaquants,Jeune (< 23 ans)
Camavinga,CM,Real Madrid,0.0,0.05,0.95,0.08,0.08,0.12,2.07,60.95,90.5,4.4,1.66,1.49,1.04,1.41,3.4,1.33,1.99,1.83,1.24,21.0,Milieux Centraux,Milieux,Jeune (< 23 ans)
Endrick,CF,Real Madrid,0.43,0.27,2.31,0.05,0.16,0.44,3.55,22.1,73.0,3.23,2.85,2.04,3.33,5.27,0.7,0.05,0.7,0.16,0.65,18.0,Attaquants,Attaquants,Jeune (< 23 ans)
Rafa Marín,CB,Napoli,0.0,0.03,0.41,0.0,0.0,0.03,0.68,36.58,82.7,2.49,0.54,0.09,0.81,0.18,1.27,1.22,1.36,5.03,1.77,22.0,Défenseurs Centraux,Défenseurs,Jeune (< 23 ans)
Xavi Simons,AM,RB Leipzig,0.19,0.22,2.73,0.27,0.33,0.56,6.34,50.16,79.3,6.8,4.89,2.73,3.77,7.81,1.07,0.55,0.74,0.27,0.55,21.0,Milieux Offensifs,Milieux,Jeune (< 23 ans)
Benjamin Šeško,CF,RB Leipzig,0.66,0.44,2.74,0.15,0.05,0.5,2.0,20.62,67.7,1.54,1.23,0.96,4.47,5.32,0.66,0.23,1.16,1.31,2.04,21.0,Attaquants,Attaquants,Jeune (< 23 ans)
Castello Lukeba,CB,RB Leipzig,0.0,0.02,0.21,0.0,0.0,0.02,0.58,76.09,91.4,4.03,1.01,0.61,0.64,0.37,1.07,0.85,1.34,3.57,1.31,21.0,Défenseurs Centraux,Défenseurs,Jeune (< 23 ans)
Antonio Nusa,LW,RB Leipzig,0.17,0.24,2.78,0.17,0.23,0.47,5.22,34.52,73.8,4.09,6.26,3.83,5.65,12.09,1.13,0.26,0.96,0.26,0.43,19.0,Ailiers,Attaquants,Jeune (< 23 ans)
Arthur Vermeeren,DM,RB Leipzig,0.12,0.04,0.37,0.0,0.05,0.09,2.73,47.79,84.9,4.34,1.12,0.62,0.99,2.11,2.36,1.86,2.48,0.99,0.5,19.0,Milieux Défensifs,Milieux,Jeune (< 23 ans)
Levi Colwill,CB,Chelsea,0.05,0.03,0.35,0.0,0.04,0.07,1.15,60.12,86.5,4.03,0.85,0.35,0.9,0.9,2.04,1.54,1.34,3.84,1.99,21.0,Défenseurs Centraux,Défenseurs,Jeune (< 23 ans)
Moisés Caicedo,DM,Chelsea,0.03,0.01,0.4,0.12,0.1,0.12,2.02,65.29,89.5,5.17,0.87,0.75,0.32,0.95,3.09,1.3,1.88,1.41,0.89,22.0,Milieux Défensifs,Milieux,Jeune (< 23 ans)
Cole Palmer,AM,Chelsea,0.53,0.41,3.49,0.47,0.42,0.83,5.59,46.97,78.1,6.77,3.81,1.66,4.23,6.35,0.83,0.59,0.62,0.53,0.03,22.0,Milieux Offensifs,Milieux,Jeune (< 23 ans)
Noni Madueke,RW,Chelsea,0.49,0.21,3.09,0.12,0.21,0.42,3.94,34.99,83.0,3.82,6.0,2.79,6.25,9.95,1.46,0.42,0.85,1.09,0.61,22.0,Ailiers,Attaquants,Jeune (< 23 ans)
Malo Gusto,RB,Chelsea,0.0,0.05,0.81,0.2,0.19,0.24,2.64,66.76,86.3,4.31,3.09,0.61,2.18,5.83,2.79,0.86,1.57,2.44,0.36,21.0,Latéraux,Défenseurs,Jeune (< 23 ans)
Cesare Casadei,CM,Chelsea,0.12,0.28,1.75,0.0,0.08,0.36,3.15,48.61,85.9,4.43,1.52,0.82,2.33,5.13,1.4,1.05,0.82,1.4,2.22,21.0,Milieux Centraux,Milieux,Jeune (< 23 ans)
Morgan Rogers,AM,Aston Villa,0.25,0.16,1.71,0.19,0.21,0.37,3.68,26.78,75.6,3.36,3.3,2.54,3.87,4.89,0.83,0.32,1.21,1.08,0.7,22.0,Milieux Offensifs,Milieux,Jeune (< 23 ans)
Jaden Philogene Bidace,LW,Aston Villa,0.46,0.26,3.86,0.15,0.16,0.42,4.01,32.74,78.8,2.79,4.85,2.71,6.07,11.12,2.52,0.73,1.34,0.76,0.31,22.0,Ailiers,Attaquants,Jeune (< 23 ans)
Jhon Durán,CF,Aston Villa,1.12,0.49,4.05,0.0,0.04,0.53,1.95,21.63,66.5,1.81,1.12,0.42,5.72,5.02,1.26,0.28,0.98,2.09,4.05,20.0,Attaquants,Attaquants,Jeune (< 23 ans)
Ian Maatsen,LB,Aston Villa,0.12,0.06,0.79,0.08,0.13,0.19,2.27,67.11,85.0,5.37,2.6,0.79,1.69,3.43,2.15,1.16,1.53,2.85,0.29,22.0,Latéraux,Défenseurs,Jeune (< 23 ans)
Kenan Yıldız,SS,Juventus,0.17,0.12,1.79,0.12,0.12,0.23,3.81,36.54,82.1,4.16,4.33,1.96,3.35,7.45,1.5,0.23,0.98,0.46,0.92,19.0,Attaquants,Attaquants,Jeune (< 23 ans)
Francisco Conceição,RW,Juventus,0.57,0.25,2.46,0.38,0.28,0.53,4.36,34.86,79.3,2.08,4.55,2.27,4.17,9.28,1.71,0.38,0.76,0.38,0.0,21.0,Ailiers,Attaquants,Jeune (< 23 ans)
Luis Henrique,LW,Marseille,0.21,0.13,1.18,0.16,0.1,0.22,3.26,40.99,76.5,4.01,2.51,1.39,2.62,7.92,0.86,0.8,0.86,0.54,0.05,22.0,Ailiers,Attaquants,Jeune (< 23 ans)
Elye Wahi,CF,Marseille,0.36,0.5,2.67,0.08,0.11,0.62,1.98,16.11,74.4,0.97,2.43,0.81,5.38,7.85,0.32,0.2,0.24,0.16,0.45,21.0,Attaquants,Attaquants,Jeune (< 23 ans)
Quentin Merlin,LB,Marseille,0.0,0.04,1.01,0.09,0.1,0.14,2.97,62.46,77.5,5.86,1.88,0.74,1.36,6.43,1.84,0.96,1.05,1.75,0.44,22.0,Latéraux,Défenseurs,Jeune (< 23 ans)
Ismaël Koné,CM,Marseille,0.16,0.1,1.71,0.12,0.09,0.18,3.25,40.51,84.6,5.16,2.48,1.22,2.03,3.0,1.46,0.49,1.22,0.57,0.53,22.0,Milieux Centraux,Milieux,Jeune (< 23 ans)
Valentin Carboni,AM,Marseille,0.14,0.16,1.64,0.21,0.13,0.28,3.28,41.08,83.9,4.13,3.92,1.71,2.92,5.77,1.71,0.57,0.93,0.36,0.43,19.0,Milieux Offensifs,Milieux,Jeune (< 23 ans)
Jon Rowe,LW,Marseille,0.47,0.23,2.21,0.07,0.04,0.27,3.01,21.03,71.0,2.34,2.81,1.81,4.02,2.95,2.28,0.6,1.07,0.94,0.94,21.0,Ailiers,Attaquants,Jeune (< 23 ans)
Bamo Meïté,CB,Marseille,0.0,0.04,0.19,0.0,0.0,0.04,0.58,63.17,91.1,3.6,1.07,0.49,0.29,0.78,2.04,1.46,1.65,5.05,2.62,22.0,Défenseurs Centraux,Défenseurs,Jeune (< 23 ans)
Pablo Barrios,CM,Atlético Madrid,0.0,0.06,1.19,0.14,0.11,0.18,2.44,52.58,84.8,5.59,1.58,1.53,1.1,3.54,2.25,1.48,0.91,1.39,1.0,21.0,Milieux Centraux,Milieux,Jeune (< 23 ans)
Giuliano Simeone,CF,Atlético Madrid,0.12,0.19,1.67,0.24,0.24,0.43,2.63,23.9,65.5,2.99,3.47,1.43,3.35,6.57,1.08,0.6,1.79,0.6,0.24,21.0,Attaquants,Attaquants,Jeune (< 23 ans)
Kristjan Asllani,DM,Inter,0.09,0.08,1.82,0.17,0.16,0.23,2.52,87.74,89.6,4.86,0.7,0.43,0.43,1.56,1.22,0.96,1.22,1.22,0.43,22.0,Milieux Défensifs,Milieux,Jeune (< 23 ans)
Alessandro Fontanarosa,CB,Inter,0.0,0.03,0.51,0.0,0.02,0.04,1.53,54.51,74.8,5.18,1.61,0.34,1.02,1.95,1.7,1.19,1.19,4.25,1.44,21.0,Défenseurs Centraux,Défenseurs,Jeune (< 23 ans)
Tiago Palacios,CB,Inter,0.0,0.02,0.71,0.0,0.0,0.02,0.94,31.53,64.2,2.0,0.94,1.65,1.06,0.35,2.59,1.53,0.71,4.47,2.12,21.0,Défenseurs Centraux,Défenseurs,Jeune (< 23 ans)
Eren Dinkçi,RW,Freiburg,0.22,0.14,1.63,0.22,0.12,0.26,2.74,29.54,64.1,3.04,2.71,1.41,2.37,5.3,1.22,0.44,1.56,0.63,0.3,22.0,Ailiers,Attaquants,Jeune (< 23 ans)
Merlin Röhl,AM,Freiburg,0.15,0.17,1.86,0.2,0.13,0.3,2.87,28.02,78.4,2.02,2.57,1.26,2.62,5.44,1.76,0.66,1.61,1.01,1.36,22.0,Milieux Offensifs,Milieux,Jeune (< 23 ans)
Kiliann Sildillia,RB,Freiburg,0.05,0.08,0.55,0.05,0.03,0.11,1.83,59.36,73.7,3.7,1.55,0.64,1.33,4.02,2.1,1.05,1.65,2.88,1.6,22.0,Latéraux,Défenseurs,Jeune (< 23 ans)
Thierno Barry,CF,Villarreal,0.34,0.55,3.36,0.17,0.12,0.67,2.18,13.43,55.0,1.01,1.18,0.17,4.53,3.36,0.17,0.0,0.5,0.67,3.69,22.0,Attaquants,Attaquants,Jeune (< 23 ans)
Ilias Akhomach,RW,Villarreal,0.12,0.15,1.78,0.12,0.17,0.31,3.73,28.51,77.3,2.35,4.25,3.36,4.29,9.72,1.98,0.81,0.61,0.93,0.32,20.0,Ailiers,Attaquants,Jeune (< 23 ans)
Pau Navarro,CB,Villarreal,0.09,0.02,0.36,0.0,0.0,0.03,0.81,34.43,86.9,1.63,0.0,0.45,0.99,0.27,2.26,1.17,0.9,3.43,1.99,19.0,Défenseurs Centraux,Défenseurs,Jeune (< 23 ans)
Antonio Espigare,CB,Villarreal,0.0,0.04,0.25,0.0,0.0,0.04,0.51,48.48,81.8,2.53,0.4,0.3,0.61,0.2,0.61,0.45,0.66,3.54,1.72,20.0,Défenseurs Centraux,Défenseurs,Jeune (< 23 ans)
Daniel Requena,CM,Villarreal,0.0,0.2,1.63,0.0,0.11,0.31,3.44,48.14,83.4,5.24,1.63,1.29,2.15,3.18,3.27,1.46,0.86,0.86,1.63,20.0,Milieux Centraux,Milieux,Jeune (< 23 ans)
Tiago Santos,RB,Lille,0.04,0.05,1.3,0.07,0.08,0.13,2.26,52.18,79.1,3.79,3.64,2.04,2.3,5.53,2.64,0.74,0.89,1.52,0.63,22.0,Latéraux,Défenseurs,Jeune (< 23 ans)
Hákon Arnar Haraldsson,LW,Lille,0.16,0.09,1.4,0.08,0.08,0.18,2.57,43.68,83.4,4.05,2.34,1.01,2.96,6.62,1.17,0.23,0.55,0.23,0.0,21.0,Ailiers,Attaquants,Jeune (< 23 ans)
Ngal'Ayel Mukau,DM,Lille,0.0,0.01,0.32,0.0,0.01,0.02,0.63,40.57,88.1,3.06,0.84,0.63,0.0,0.32,2.74,2.63,1.16,1.58,0.53,19.0,Milieux Défensifs,Milieux,Jeune (< 23 ans)
Thomas Kristensen,CB,Udinese,0.0,0.05,0.47,0.05,0.02,0.07,0.7,38.56,75.9,1.91,0.74,0.47,1.02,0.14,1.53,1.12,1.3,5.02,2.79,22.0,Défenseurs Centraux,Défenseurs,Jeune (< 23 ans)
Arthur Atta,DM,Udinese,0.1,0.06,0.93,0.21,0.13,0.2,1.85,40.57,74.6,4.84,1.24,1.34,1.54,2.27,1.85,1.03,1.24,2.06,1.03,21.0,Milieux Défensifs,Milieux,Jeune (< 23 ans)
Festy Ebosele,RB,Udinese,0.0,0.04,0.89,0.0,0.07,0.11,2.51,19.62,62.4,1.62,3.47,2.73,2.51,5.16,1.4,0.44,1.84,1.62,0.89,22.0,Latéraux,Défenseurs,Jeune (< 23 ans)
Yunus Musah,CM,Milan,0.0,0.06,1.04,0.14,0.09,0.15,2.36,40.5,86.8,4.4,3.04,1.36,1.23,4.04,1.54,0.45,1.18,1.14,0.77,21.0,Milieux Centraux,Milieux,Jeune (< 23 ans)
Filippo Terracciano,RB,Milan,0.0,0.03,0.52,0.09,0.05,0.09,2.19,50.9,75.1,3.06,1.66,0.79,0.7,1.31,1.57,1.66,1.22,1.31,1.14,21.0,Latéraux,Défenseurs,Jeune (< 23 ans)
Florian Wirtz,AM,Leverkusen,0.47,0.3,2.87,0.36,0.25,0.56,6.69,71.74,82.5,8.42,5.77,2.79,6.52,11.68,1.12,0.53,1.42,0.14,0.33,21.0,Milieux Offensifs,Milieux,Jeune (< 23 ans)
Piero Hincapié,CB,Leverkusen,0.06,0.13,0.94,0.06,0.05,0.18,1.25,78.73,89.8,5.22,1.9,0.22,1.62,2.31,2.06,1.12,1.37,2.53,1.9,22.0,Défenseurs Centraux,Défenseurs,Jeune (< 23 ans)
Jeanuël Belocian,CB,Leverkusen,0.0,0.03,0.18,0.06,0.02,0.05,0.83,52.29,89.1,3.57,0.77,0.3,0.3,1.31,1.67,0.48,1.31,2.97,0.59,19.0,Défenseurs Centraux,Défenseurs,Jeune (< 23 ans)
Valentin Atangana Edoa,CM,Reims,0.0,0.04,1.26,0.0,0.02,0.06,1.43,36.99,89.1,3.86,1.26,0.67,1.01,1.76,2.52,1.26,0.75,1.51,0.84,19.0,Milieux Centraux,Milieux,Jeune (< 23 ans)
Oumar Diakité,CF,Reims,0.32,0.42,2.17,0.11,0.08,0.51,2.43,17.9,81.4,2.27,1.8,1.0,4.81,6.07,1.37,0.37,0.74,0.42,1.16,20.0,Attaquants,Attaquants,Jeune (< 23 ans)
Yaya Kader Fofana,CM,Reims,0.2,0.08,2.15,0.2,0.31,0.39,3.72,35.22,73.3,3.13,2.93,1.76,2.54,4.11,3.13,0.59,0.98,0.39,0.78,20.0,Milieux Centraux,Milieux,Jeune (< 23 ans)
Martin Adeline,CM,Reims,0.13,0.17,1.09,0.13,0.13,0.3,2.44,38.54,73.2,4.95,1.86,1.09,3.4,5.2,2.06,0.9,1.86,1.22,1.93,20.0,Milieux Centraux,Milieux,Jeune (< 23 ans)
Mohammed Daramy,LW,Reims,0.07,0.17,1.86,0.27,0.14,0.31,3.33,29.16,76.5,3.53,3.99,2.53,4.93,8.92,0.67,0.07,0.2,0.27,0.27,22.0,Ailiers,Attaquants,Jeune (< 23 ans)
Gabriel Moscardo,DM,Reims,0.14,0.04,1.12,0.14,0.13,0.17,0.7,37.43,82.0,2.66,1.12,1.68,0.56,1.4,2.8,1.68,1.68,2.8,1.96,19.0,Milieux Défensifs,Milieux,Jeune (< 23 ans)
Tom Rothe,LB,Union Berlin,0.09,0.13,1.57,0.32,0.23,0.35,2.53,45.83,73.6,2.72,2.4,0.83,3.13,5.9,1.2,0.83,1.24,2.95,1.8,20.0,Latéraux,Défenseurs,Jeune (< 23 ans)
Aljoscha Kemlein,DM,Union Berlin,0.0,0.19,0.91,0.18,0.11,0.3,2.46,36.29,79.4,3.83,1.19,0.09,2.19,3.65,2.37,0.82,0.27,0.36,0.46,20.0,Milieux Défensifs,Milieux,Jeune (< 23 ans)
Paul Wanner,AM,Heidenheim,0.39,0.32,2.63,0.11,0.08,0.4,3.69,30.34,72.0,3.08,1.74,2.01,4.25,6.32,2.07,0.17,1.23,0.84,0.22,18.0,Milieux Offensifs,Milieux,Jeune (< 23 ans)
Nico Williams,LW,Athletic Club,0.22,0.25,2.36,0.37,0.22,0.47,4.95,33.08,69.3,2.74,5.66,3.33,6.03,11.88,1.27,0.19,0.45,0.22,0.37,22.0,Ailiers,Attaquants,Jeune (< 23 ans)
Mikel Jauregizar,CM,Athletic Club,0.15,0.04,1.18,0.0,0.06,0.1,3.1,44.7,80.5,3.98,0.59,0.89,0.3,0.89,3.39,0.74,1.33,0.89,0.89,20.0,Milieux Centraux,Milieux,Jeune (< 23 ans)
Unai Gómez,AM,Athletic Club,0.08,0.11,1.56,0.08,0.06,0.17,2.34,26.59,75.1,2.34,1.72,1.33,2.34,4.52,0.86,0.23,1.01,0.86,1.48,21.0,Milieux Offensifs,Milieux,Jeune (< 23 ans)
Nicolás Serrano,LW,Athletic Club,0.33,0.16,3.09,0.25,0.19,0.35,4.68,38.65,67.0,3.09,5.34,2.59,2.92,10.1,1.09,0.5,1.25,0.33,0.0,21.0,Ailiers,Attaquants,Jeune (< 23 ans)
Lewis Hall,LB,Newcastle Utd,0.07,0.02,0.8,0.0,0.06,0.08,2.39,65.64,80.8,5.57,2.31,0.87,1.3,2.96,2.46,1.23,2.17,2.89,1.01,20.0,Latéraux,Défenseurs,Jeune (< 23 ans)
Valentino Livramento,RB,Newcastle Utd,0.05,0.02,0.24,0.0,0.05,0.07,1.94,51.21,84.6,3.73,2.55,1.04,1.42,4.58,1.89,1.37,1.51,3.11,0.99,21.0,Latéraux,Défenseurs,Jeune (< 23 ans)
William Osula,CF,Newcastle Utd,0.0,0.22,2.89,0.0,0.02,0.22,1.76,10.59,54.5,0.32,0.96,0.64,3.53,5.45,0.32,0.32,0.16,1.28,3.05,21.0,Attaquants,Attaquants,Jeune (< 23 ans)
Destiny Udogie,LB,Tottenham,0.07,0.1,0.44,0.04,0.06,0.16,2.02,55.21,86.1,5.74,2.98,0.85,2.76,5.19,2.61,1.29,1.18,2.58,0.85,21.0,Latéraux,Défenseurs,Jeune (< 23 ans)
Pape Matar Sarr,CM,Tottenham,0.18,0.13,1.4,0.14,0.11,0.24,2.08,58.33,86.5,5.84,1.72,0.72,1.76,4.34,1.67,1.45,0.95,1.04,1.13,22.0,Milieux Centraux,Milieux,Jeune (< 23 ans)
Wilson Odobert,RW,Tottenham,0.12,0.12,2.17,0.08,0.13,0.26,3.14,26.12,76.3,2.74,4.51,2.17,4.39,5.51,0.89,0.24,1.09,0.56,0.44,19.0,Ailiers,Attaquants,Jeune (< 23 ans)
Radu Drăgușin,CB,Tottenham,0.11,0.06,0.95,0.0,0.01,0.07,0.56,52.91,84.6,2.06,0.56,0.06,1.62,0.78,0.95,1.23,1.0,3.56,3.34,22.0,Défenseurs Centraux,Défenseurs,Jeune (< 23 ans)
Archie Gray,CM,Tottenham,0.0,0.01,0.25,0.06,0.03,0.04,1.51,51.39,83.4,4.44,1.98,1.13,0.82,2.86,2.58,0.69,0.91,1.01,0.54,18.0,Milieux Centraux,Milieux,Jeune (< 23 ans)
Alfie Devine,AM,Tottenham,0.0,0.11,1.62,0.15,0.08,0.19,2.78,32.45,74.3,4.64,2.32,0.85,1.55,3.63,1.39,0.93,0.77,0.93,0.39,20.0,Milieux Offensifs,Milieux,Jeune (< 23 ans)
Andy Diouf,CM,Lens,0.12,0.1,1.63,0.0,0.1,0.2,3.55,47.92,78.1,4.52,4.03,2.05,1.69,2.95,1.75,0.36,1.14,0.6,0.78,21.0,Milieux Centraux,Milieux,Jeune (< 23 ans)
Abdukodir Khusanov,CB,Lens,0.0,0.01,0.33,0.0,0.01,0.02,0.6,44.97,86.1,1.86,0.13,0.0,0.33,0.13,2.12,2.06,1.79,4.58,1.59,20.0,Défenseurs Centraux,Défenseurs,Jeune (< 23 ans)
Jhoanner Chávez,LB,Lens,0.09,0.06,0.73,0.0,0.11,0.17,1.83,42.02,75.8,1.83,1.1,0.09,1.56,4.13,0.92,1.01,0.92,1.65,1.19,22.0,Latéraux,Défenseurs,Jeune (< 23 ans)
Rémy Labeau Lascary,CF,Lens,0.16,0.24,2.0,0.22,0.12,0.36,2.97,21.12,75.2,1.08,2.97,2.76,4.16,7.94,2.27,0.65,1.13,0.43,0.86,21.0,Attaquants,Attaquants,Jeune (< 23 ans)
Mattia Viti,CB,Empoli,0.06,0.08,0.57,0.0,0.0,0.09,0.69,42.42,82.6,2.96,0.38,0.25,0.95,0.95,3.09,1.01,1.7,3.91,1.64,22.0,Défenseurs Centraux,Défenseurs,Jeune (< 23 ans)
Lorenzo Colombo,CF,Empoli,0.25,0.24,2.25,0.06,0.04,0.29,1.56,16.86,66.3,1.31,1.25,1.06,3.68,5.37,1.0,0.0,1.25,0.69,1.5,22.0,Attaquants,Attaquants,Jeune (< 23 ans)
Sebastiano Esposito,SS,Empoli,0.4,0.2,2.58,0.0,0.04,0.24,2.19,27.62,61.9,2.78,2.19,1.79,3.58,2.38,2.78,0.99,0.79,0.4,0.99,22.0,Attaquants,Attaquants,Jeune (< 23 ans)
Saba Goglichidze,CB,Empoli,0.0,0.0,0.0,0.0,0.0,0.0,0.0,29.0,77.9,2.2,0.4,0.0,0.0,0.0,2.6,1.2,0.8,3.4,1.2,20.0,Défenseurs Centraux,Défenseurs,Jeune (< 23 ans)
Jacopo Fazzini,CM,Empoli,0.07,0.08,1.5,0.07,0.09,0.16,3.44,29.38,66.1,2.79,2.08,1.65,2.65,4.16,3.51,0.64,1.43,1.72,1.07,21.0,Milieux Centraux,Milieux,Jeune (< 23 ans)
Nicolò Rovella,DM,Lazio,0.0,0.03,0.4,0.15,0.03,0.06,1.59,66.57,87.6,4.66,1.34,0.54,0.15,0.69,3.62,1.44,1.34,1.68,0.59,22.0,Milieux Défensifs,Milieux,Jeune (< 23 ans)
Loum Tchaouna,RW,Lazio,0.16,0.14,1.98,0.12,0.07,0.21,2.49,32.12,67.0,2.49,3.08,0.71,2.92,6.24,1.03,0.2,0.91,0.67,1.11,21.0,Ailiers,Attaquants,Jeune (< 23 ans)
Karim Adeyemi,LW,Dortmund,0.52,0.29,2.53,0.26,0.26,0.55,3.36,28.45,74.6,1.96,4.65,2.17,5.58,8.42,1.45,0.67,1.19,0.52,0.88,22.0,Ailiers,Attaquants,Jeune (< 23 ans)
Jamie Gittens,LW,Dortmund,0.35,0.17,3.12,0.29,0.19,0.36,3.41,27.84,77.2,2.2,5.37,3.35,5.03,7.97,1.39,0.35,0.87,0.35,0.29,20.0,Ailiers,Attaquants,Jeune (< 23 ans)
Yan Couto,RB,Dortmund,0.0,0.05,1.01,0.3,0.16,0.22,2.37,58.54,78.8,4.35,5.79,1.86,3.04,9.71,1.56,0.46,0.8,1.1,0.13,22.0,Latéraux,Défenseurs,Jeune (< 23 ans)
Maximilian Beier,CF,Dortmund,0.46,0.39,2.91,0.04,0.1,0.49,2.64,20.72,70.4,1.15,2.14,1.15,5.32,8.04,0.88,0.34,0.84,0.38,0.88,22.0,Attaquants,Attaquants,Jeune (< 23 ans)
Gio Reyna,AM,Dortmund,0.0,0.18,2.14,0.16,0.2,0.39,6.25,58.57,84.8,5.92,2.14,1.48,4.61,5.76,2.96,0.66,1.48,0.99,2.14,21.0,Milieux Offensifs,Milieux,Jeune (< 23 ans)
Aimar Oroz,AM,Osasuna,0.08,0.12,1.21,0.0,0.06,0.19,2.8,37.41,81.6,4.16,1.66,0.91,1.93,4.42,1.85,0.72,1.02,0.42,0.6,22.0,Milieux Offensifs,Milieux,Jeune (< 23 ans)
Iker Muñoz,DM,Osasuna,0.18,0.05,1.16,0.0,0.01,0.06,0.97,49.14,75.2,3.96,0.97,0.3,1.1,1.22,1.4,0.49,0.85,2.31,2.5,22.0,Milieux Défensifs,Milieux,Jeune (< 23 ans)
Iker Benito,RW,Osasuna,0.1,0.13,1.39,0.0,0.1,0.24,3.41,34.22,80.1,1.63,3.94,1.49,4.46,11.14,1.54,0.77,1.25,1.3,1.3,22.0,Ailiers,Attaquants,Jeune (< 23 ans)
Enzo Millot,AM,Stuttgart,0.22,0.29,1.97,0.22,0.21,0.5,3.72,58.78,85.7,5.47,1.86,1.82,3.17,6.49,1.31,0.58,1.09,0.26,0.26,22.0,Milieux Offensifs,Milieux,Jeune (< 23 ans)
Fabian Rieder,AM,Stuttgart,0.54,0.09,2.03,0.41,0.3,0.39,5.83,50.02,73.7,7.18,2.98,0.95,1.9,6.37,3.66,1.22,1.08,0.54,0.54,22.0,Milieux Offensifs,Milieux,Jeune (< 23 ans)
Nick Woltemade,SS,Stuttgart,0.17,0.17,1.83,0.0,0.13,0.3,3.92,32.38,75.0,3.31,1.65,2.18,4.96,6.27,2.44,0.44,1.04,1.04,2.26,22.0,Attaquants,Attaquants,Jeune (< 23 ans)
Jay Stansfield,CF,Fulham,0.3,0.25,2.45,0.07,0.1,0.35,2.25,13.78,60.2,1.49,2.48,0.73,4.56,5.22,0.96,0.07,1.02,0.26,0.26,21.0,Attaquants,Attaquants,Jeune (< 23 ans)
Gvidas Gineitis,CM,Torino,0.0,0.07,1.7,0.14,0.16,0.23,2.83,44.22,78.3,3.81,1.27,0.28,0.71,2.4,2.12,0.71,1.41,2.12,0.99,20.0,Milieux Centraux,Milieux,Jeune (< 23 ans)
Matìas Soulé,RW,Roma,0.14,0.14,2.22,0.06,0.15,0.29,5.27,46.05,79.0,5.75,3.93,2.66,3.11,6.82,0.84,0.45,1.18,0.34,0.36,21.0,Ailiers,Attaquants,Jeune (< 23 ans)
Nicola Zalewski,LM,Roma,0.0,0.08,1.1,0.13,0.21,0.29,3.38,42.63,74.8,2.53,5.0,1.17,2.86,7.08,1.62,0.84,0.71,1.69,0.65,22.0,Ailiers,Attaquants,Jeune (< 23 ans)
Tommaso Baldanzi,AM,Roma,0.16,0.18,2.52,0.08,0.1,0.27,4.39,35.24,82.0,3.09,3.5,1.14,3.74,7.41,1.55,0.24,0.57,0.65,0.24,21.0,Milieux Offensifs,Milieux,Jeune (< 23 ans)
Edoardo Bove,CM,Fiorentina,0.04,0.07,0.8,0.04,0.03,0.1,2.0,37.95,83.4,4.04,0.95,0.36,1.71,2.15,2.84,0.66,1.06,0.69,1.57,22.0,Milieux Centraux,Milieux,Jeune (< 23 ans)
Matthis Abline,CF,Nantes,0.31,0.3,3.52,0.0,0.11,0.41,2.65,18.95,69.4,2.16,2.53,1.3,5.43,7.16,0.56,0.19,0.19,1.05,1.36,21.0,Attaquants,Attaquants,Jeune (< 23 ans)
Nathan Zeze,CB,Nantes,0.0,0.02,0.26,0.0,0.0,0.02,0.2,45.46,84.8,3.0,0.13,0.07,0.26,0.13,1.24,1.37,1.3,5.6,1.5,19.0,Défenseurs Centraux,Défenseurs,Jeune (< 23 ans)
Johann Lepenant,DM,Nantes,0.38,0.06,0.95,0.19,0.13,0.19,1.89,31.83,83.3,4.74,1.71,1.14,1.52,3.22,2.08,1.33,0.95,0.57,1.14,22.0,Milieux Défensifs,Milieux,Jeune (< 23 ans)
Guela Doué,RB,Strasbourg,0.0,0.04,0.83,0.09,0.08,0.11,2.5,51.7,77.6,3.76,2.19,1.14,1.36,4.25,2.06,1.23,1.05,4.55,1.44,22.0,Latéraux,Défenseurs,Jeune (< 23 ans)
Dilane Bakwa,RW,Strasbourg,0.11,0.14,1.86,0.29,0.29,0.42,4.51,36.44,68.3,3.75,3.9,1.9,3.04,7.72,1.32,0.79,1.07,0.64,0.46,22.0,Ailiers,Attaquants,Jeune (< 23 ans)
Saidou Sow,CB,Strasbourg,0.0,0.04,0.41,0.14,0.04,0.08,0.68,45.61,86.7,1.82,0.07,0.27,0.88,0.14,1.82,1.76,1.08,4.19,1.55,22.0,Défenseurs Centraux,Défenseurs,Jeune (< 23 ans)
Emanuel Emegha,CF,Strasbourg,0.4,0.5,2.28,0.08,0.06,0.56,1.4,12.58,72.6,0.36,1.32,0.48,3.89,4.65,0.48,0.08,0.68,1.2,1.48,21.0,Attaquants,Attaquants,Jeune (< 23 ans)
Ismaël Doukouré,DM,Strasbourg,0.0,0.02,0.4,0.06,0.05,0.06,1.33,42.66,85.5,3.99,0.98,0.98,0.12,0.58,1.56,0.92,0.92,2.25,0.75,21.0,Milieux Défensifs,Milieux,Jeune (< 23 ans)
Habib Diarra,AM,Strasbourg,0.08,0.1,1.51,0.0,0.05,0.15,2.03,35.1,84.1,4.1,2.37,1.17,1.02,3.35,1.13,0.56,0.79,0.87,0.68,20.0,Milieux Offensifs,Milieux,Jeune (< 23 ans)
Andrey Santos,CM,Strasbourg,0.26,0.2,1.52,0.0,0.11,0.3,2.38,51.38,86.0,4.96,0.86,0.93,0.99,1.52,3.44,0.79,1.12,1.32,1.26,20.0,Milieux Centraux,Milieux,Jeune (< 23 ans)
Diego Moreira,LW,Strasbourg,0.13,0.13,1.07,0.13,0.16,0.3,2.28,39.7,69.9,3.35,3.22,1.07,2.68,6.3,1.21,1.07,0.8,2.01,1.34,20.0,Ailiers,Attaquants,Jeune (< 23 ans)
Abakar Sylla,CB,Strasbourg,0.15,0.1,0.69,0.0,0.0,0.1,0.64,65.19,88.9,2.97,0.35,0.2,0.99,0.15,1.98,1.19,2.08,3.71,1.68,21.0,Défenseurs Centraux,Défenseurs,Jeune (< 23 ans)
Caleb Wiley,LB,Strasbourg,0.04,0.01,0.39,0.04,0.17,0.19,2.22,52.61,81.7,4.01,2.57,0.61,1.27,4.19,1.44,1.27,1.4,2.7,1.0,19.0,Latéraux,Défenseurs,Jeune (< 23 ans)
Mamadou Sarr,CB,Strasbourg,0.0,0.03,0.83,0.0,0.07,0.1,0.83,40.83,77.1,3.17,0.5,1.0,1.0,0.67,2.83,0.83,1.17,3.17,1.83,19.0,Défenseurs Centraux,Défenseurs,Jeune (< 23 ans)
Junior Mwanga,DM,Strasbourg,0.06,0.08,1.13,0.06,0.05,0.13,1.97,33.18,80.6,3.4,1.67,1.67,1.55,2.32,2.62,1.07,1.07,1.07,0.77,21.0,Milieux Défensifs,Milieux,Jeune (< 23 ans)
Félix Lemaréchal,AM,Strasbourg,0.0,0.12,1.64,0.18,0.21,0.33,5.16,44.38,66.2,4.98,2.05,2.11,1.99,4.1,2.87,0.76,1.93,1.06,1.82,21.0,Milieux Offensifs,Milieux,Jeune (< 23 ans)
Jack Hinshelwood,RB,Brighton,0.23,0.13,1.1,0.0,0.05,0.19,1.68,52.53,82.1,2.61,1.45,0.06,2.26,4.05,1.45,0.87,0.41,1.74,0.58,19.0,Latéraux,Défenseurs,Jeune (< 23 ans)
Carlos Baleba,DM,Brighton,0.05,0.08,1.66,0.05,0.03,0.11,1.56,51.5,91.0,3.83,1.31,1.06,0.5,0.66,2.67,1.46,2.17,1.76,1.61,20.0,Milieux Défensifs,Milieux,Jeune (< 23 ans)
Yankuba Minteh,RW,Brighton,0.29,0.25,2.04,0.15,0.25,0.5,3.06,27.09,63.4,2.48,3.93,2.62,7.43,13.25,1.89,0.73,1.46,1.02,1.17,20.0,Ailiers,Attaquants,Jeune (< 23 ans)
Georginio Rutter,CF,Brighton,0.12,0.29,3.15,0.41,0.25,0.54,4.64,25.79,67.3,4.93,3.3,3.24,6.01,6.59,1.72,0.47,0.82,0.79,1.05,22.0,Attaquants,Attaquants,Jeune (< 23 ans)
Yasin Ayari,CM,Brighton,0.0,0.09,2.05,0.15,0.13,0.22,3.95,48.29,75.8,6.59,1.32,1.32,2.05,4.39,2.78,1.17,0.88,0.44,0.88,21.0,Milieux Centraux,Milieux,Jeune (< 23 ans)
Simon Adingra,RW,Brighton,0.24,0.19,2.36,0.1,0.15,0.34,3.31,33.81,74.4,2.29,4.51,1.84,6.42,11.92,1.67,0.58,1.43,0.89,0.38,22.0,Ailiers,Attaquants,Jeune (< 23 ans)
Julio Enciso,AM,Brighton,0.0,0.22,4.48,0.0,0.17,0.39,4.17,36.28,72.3,4.17,4.94,2.62,3.09,5.4,1.08,0.0,1.85,0.62,0.31,20.0,Milieux Offensifs,Milieux,Jeune (< 23 ans)
Evan Ferguson,CF,Brighton,0.14,0.18,1.68,0.0,0.03,0.21,1.12,18.63,76.3,0.7,0.7,0.28,2.8,4.34,1.26,0.28,0.56,0.56,0.91,20.0,Attaquants,Attaquants,Jeune (< 23 ans)
Jeremy Sarmiento,LW,Brighton,0.35,0.31,2.84,0.07,0.13,0.44,2.84,26.07,73.9,2.22,2.84,1.8,4.37,6.45,2.5,0.62,1.46,0.76,1.25,22.0,Ailiers,Attaquants,Jeune (< 23 ans)
Brajan Gruda,RW,Brighton,0.2,0.21,1.58,0.2,0.24,0.45,5.55,35.79,64.9,3.7,5.55,3.9,5.68,8.98,1.32,0.33,0.79,0.26,0.59,20.0,Ailiers,Attaquants,Jeune (< 23 ans)
Valentín Barco,LB,Sevilla,0.0,0.08,1.78,0.0,0.08,0.16,2.75,63.18,75.4,3.72,1.62,1.13,1.29,4.85,4.04,0.97,0.48,1.29,0.16,20.0,Latéraux,Défenseurs,Jeune (< 23 ans)
Murillo,CB,Nott'ham Forest,0.0,0.05,0.49,0.05,0.04,0.09,1.03,45.5,76.9,2.81,0.78,0.7,0.87,0.19,1.51,1.05,1.38,5.87,1.16,22.0,Défenseurs Centraux,Défenseurs,Jeune (< 23 ans)
Elliot Anderson,CM,Nott'ham Forest,0.0,0.1,1.58,0.16,0.1,0.19,2.37,40.29,78.4,3.96,2.85,1.66,4.04,5.22,2.45,0.87,2.45,2.53,1.58,21.0,Milieux Centraux,Milieux,Jeune (< 23 ans)
Anthony Elanga,RW,Nott'ham Forest,0.14,0.23,1.86,0.32,0.23,0.46,2.46,25.49,69.6,1.71,3.28,0.82,4.39,6.71,1.18,0.36,0.75,0.79,0.71,22.0,Ailiers,Attaquants,Jeune (< 23 ans)
Andrew Omobamidele,CB,Nott'ham Forest,0.0,0.01,0.11,0.0,0.01,0.02,0.69,35.63,87.4,0.92,0.11,0.0,0.57,0.0,1.15,1.49,1.38,4.83,0.8,22.0,Défenseurs Centraux,Défenseurs,Jeune (< 23 ans)
Abde Ezzalzouli,LW,Betis,0.11,0.3,2.92,0.0,0.07,0.36,2.64,38.29,68.0,2.98,5.78,2.64,7.3,9.94,1.74,0.51,0.84,0.51,1.74,22.0,Ailiers,Attaquants,Jeune (< 23 ans)
Hugo Álvarez,LW,Celta Vigo,0.13,0.09,1.13,0.13,0.12,0.21,3.01,56.42,82.4,3.58,4.33,1.88,3.95,9.67,1.76,0.56,0.75,1.38,0.44,21.0,Ailiers,Attaquants,Jeune (< 23 ans)
Javi Rodríguez,CB,Celta Vigo,0.34,0.48,2.74,0.14,0.1,0.58,2.33,23.37,76.2,1.58,0.62,0.75,4.94,5.14,0.62,0.27,0.55,0.41,0.89,21.0,Défenseurs Centraux,Défenseurs,Jeune (< 23 ans)
Damián Rodríguez,DM,Celta Vigo,0.34,0.48,2.74,0.14,0.1,0.58,2.33,23.37,76.2,1.58,0.62,0.75,4.94,5.14,0.62,0.27,0.55,0.41,0.89,21.0,Milieux Défensifs,Milieux,Jeune (< 23 ans)
Williot Swedberg,LW,Celta Vigo,0.59,0.46,2.34,0.23,0.11,0.56,2.22,21.65,73.5,1.64,1.52,0.82,4.68,6.44,1.29,0.0,1.76,0.7,0.82,20.0,Ailiers,Attaquants,Jeune (< 23 ans)
Ilaix Moriba,CM,Celta Vigo,0.0,0.05,0.89,0.2,0.09,0.14,2.56,36.2,81.3,3.74,1.38,0.79,2.16,2.56,2.66,0.79,0.59,1.28,1.28,21.0,Milieux Centraux,Milieux,Jeune (< 23 ans)
Hugo Sotelo,CM,Celta Vigo,0.0,0.04,0.86,0.11,0.18,0.23,3.67,80.71,88.5,6.37,1.4,0.97,0.76,2.27,2.16,0.22,0.54,0.86,0.22,20.0,Milieux Centraux,Milieux,Jeune (< 23 ans)
Matteo Ruggeri,LM,Atalanta,0.03,0.01,0.35,0.09,0.06,0.07,1.93,58.0,79.7,5.13,2.14,0.73,0.88,4.69,1.32,0.94,1.55,1.7,1.76,22.0,Ailiers,Attaquants,Jeune (< 23 ans)
Lazar Samardzic,CM,Atalanta,0.17,0.11,2.23,0.08,0.23,0.33,5.17,36.7,74.8,3.45,2.73,1.68,1.68,4.5,1.6,0.38,0.97,1.05,0.42,22.0,Milieux Centraux,Milieux,Jeune (< 23 ans)
Ibrahim Sulemana,DM,Atalanta,0.19,0.06,0.84,0.0,0.0,0.06,1.5,30.09,80.7,2.06,0.94,0.47,0.38,0.94,2.81,0.38,1.13,1.5,1.22,21.0,Milieux Défensifs,Milieux,Jeune (< 23 ans)
Sepp van den Berg,CB,Brentford,0.1,0.1,0.93,0.0,0.01,0.11,0.8,45.83,81.9,3.02,0.23,0.1,1.33,0.4,1.13,1.16,2.12,5.08,5.11,22.0,Défenseurs Centraux,Défenseurs,Jeune (< 23 ans)
Kevin Schade,LW,Brentford,0.2,0.28,1.8,0.2,0.08,0.38,2.2,20.2,53.5,0.8,3.2,0.8,4.4,6.4,2.4,0.0,0.6,0.8,3.4,22.0,Ailiers,Attaquants,Jeune (< 23 ans)
Fabio Carvalho,AM,Brentford,0.42,0.18,1.78,0.1,0.15,0.33,3.51,40.2,79.5,4.35,1.99,0.73,3.56,5.29,1.42,0.68,1.62,0.26,0.42,22.0,Milieux Offensifs,Milieux,Jeune (< 23 ans)
Yehor Yarmoliuk,AM,Brentford,0.0,0.12,1.46,0.0,0.01,0.13,2.24,42.64,75.5,4.38,1.57,2.13,2.24,4.38,2.02,1.01,2.24,0.79,1.12,20.0,Milieux Offensifs,Milieux,Jeune (< 23 ans)
Mohamed Ali Cho,RW,Nice,0.19,0.14,1.8,0.12,0.17,0.32,3.22,26.49,71.0,2.29,4.33,1.18,3.59,7.8,0.93,0.25,0.87,0.56,0.56,20.0,Ailiers,Attaquants,Jeune (< 23 ans)
Antoine Mendy,RB,Nice,0.0,0.06,0.51,0.0,0.05,0.12,1.15,51.08,83.2,2.3,0.64,1.02,0.64,1.15,2.18,1.28,0.9,3.2,1.79,20.0,Latéraux,Défenseurs,Jeune (< 23 ans)
Badredine Bouanani,RW,Nice,0.1,0.23,2.97,0.0,0.16,0.39,4.31,34.85,78.8,4.69,4.79,1.24,3.54,7.18,0.67,0.67,1.34,0.38,0.0,19.0,Ailiers,Attaquants,Jeune (< 23 ans)
Youssoufa Moukoko,CF,Nice,0.73,0.64,2.09,0.21,0.15,0.78,1.77,18.48,81.4,1.98,1.67,1.46,3.86,4.91,0.84,0.42,0.42,0.63,0.84,19.0,Attaquants,Attaquants,Jeune (< 23 ans)
Tom Louchet,RM,Nice,0.15,0.17,0.6,0.15,0.12,0.27,2.55,52.59,75.4,2.7,1.05,0.15,1.95,7.66,2.25,0.45,1.05,1.5,0.75,21.0,Ailiers,Attaquants,Jeune (< 23 ans)
Armindo Sieb,SS,Mainz 05,0.53,0.29,3.02,0.0,0.1,0.38,2.44,24.25,65.8,2.06,2.16,1.39,5.99,7.62,0.62,0.19,1.15,0.19,1.29,21.0,Attaquants,Attaquants,Jeune (< 23 ans)
Paul Nebel,AM,Mainz 05,0.22,0.19,1.54,0.31,0.27,0.46,4.04,45.26,76.0,4.13,2.42,0.92,2.2,6.15,1.71,0.84,1.27,0.92,0.57,22.0,Milieux Offensifs,Milieux,Jeune (< 23 ans)
Keke Maximilian Topp,CF,Werder Bremen,0.44,0.24,2.63,0.18,0.12,0.36,3.68,18.68,59.2,2.02,1.49,1.32,5.35,6.49,0.88,0.18,0.53,0.26,1.4,20.0,Attaquants,Attaquants,Jeune (< 23 ans)
Skelly Alvero,CM,Werder Bremen,0.34,0.12,2.24,0.0,0.02,0.14,2.07,40.34,80.3,5.17,0.52,1.03,2.07,3.1,2.76,0.86,1.9,1.9,2.24,22.0,Milieux Centraux,Milieux,Jeune (< 23 ans)
Reda Belahyane,DM,Hellas Verona,0.0,0.01,0.37,0.12,0.05,0.06,2.1,39.37,84.9,5.08,0.99,1.73,0.5,0.5,1.86,0.5,0.74,0.74,0.12,20.0,Milieux Défensifs,Milieux,Jeune (< 23 ans)
Diego Coppola,CB,Hellas Verona,0.09,0.06,0.55,0.0,0.01,0.06,0.37,39.95,79.1,2.26,0.09,0.0,0.97,0.0,1.66,1.71,1.48,4.34,4.06,20.0,Défenseurs Centraux,Défenseurs,Jeune (< 23 ans)
Tomáš Suslov,AM,Hellas Verona,0.08,0.11,2.06,0.21,0.16,0.26,3.0,24.27,71.7,2.8,1.97,1.65,1.48,3.17,2.1,0.33,0.99,0.33,0.21,22.0,Milieux Offensifs,Milieux,Jeune (< 23 ans)
Daniele Ghilardi,CB,Hellas Verona,0.07,0.06,0.51,0.0,0.01,0.07,0.76,54.04,84.4,2.35,0.54,0.04,0.98,0.22,1.34,1.05,0.8,4.05,2.31,21.0,Défenseurs Centraux,Défenseurs,Jeune (< 23 ans)
Yllan Okou,CB,Hellas Verona,0.09,0.03,0.54,0.0,0.01,0.04,0.54,50.92,80.6,3.08,0.49,0.22,0.54,0.22,0.67,1.56,0.54,4.34,1.52,21.0,Défenseurs Centraux,Défenseurs,Jeune (< 23 ans)
Stefan Mitrović,LW,Hellas Verona,0.0,0.1,1.98,0.0,0.02,0.12,1.98,25.12,74.0,3.56,3.16,1.38,2.37,5.34,1.19,0.2,1.19,0.79,0.79,22.0,Ailiers,Attaquants,Jeune (< 23 ans)
Kiké,CB,Alavés,0.2,0.41,3.33,0.13,0.09,0.5,2.33,18.57,68.8,2.46,0.67,0.87,6.06,5.39,0.6,0.07,0.53,0.8,3.06,22.0,Défenseurs Centraux,Défenseurs,Jeune (< 23 ans)
Santiago Mouriño,CB,Alavés,0.05,0.04,0.79,0.0,0.01,0.05,1.11,45.56,74.8,3.98,2.31,0.69,0.88,0.6,2.82,1.25,1.02,3.52,3.01,22.0,Défenseurs Centraux,Défenseurs,Jeune (< 23 ans)
Hugo Novoa,RB,Alavés,0.0,0.1,0.97,0.24,0.11,0.21,2.29,29.56,69.8,2.41,3.74,2.05,3.26,7.48,2.17,0.24,2.17,0.97,0.72,21.0,Latéraux,Défenseurs,Jeune (< 23 ans)
Luka Romero,RW,Alavés,0.41,0.19,1.37,0.0,0.01,0.2,2.19,27.86,88.2,2.32,2.32,1.23,1.37,4.37,1.23,0.27,2.05,0.27,0.68,19.0,Ailiers,Attaquants,Jeune (< 23 ans)
Joaquín Panichelli,CF,Alavés,0.29,0.26,3.51,0.0,0.06,0.34,3.37,24.73,58.0,3.66,1.17,1.02,5.27,5.85,0.88,0.73,0.29,0.59,5.41,22.0,Attaquants,Attaquants,Jeune (< 23 ans)
Jakub Kamiński,LW,Wolfsburg,0.0,0.06,1.17,0.29,0.21,0.27,2.43,36.68,77.2,2.53,1.75,0.19,2.82,6.23,2.24,0.78,1.26,1.07,0.68,22.0,Ailiers,Attaquants,Jeune (< 23 ans)
Konstantinos Koulierakis,CB,Wolfsburg,0.14,0.13,0.86,0.14,0.16,0.29,0.86,64.29,82.4,5.29,0.29,0.57,1.0,0.43,1.14,0.43,1.29,4.0,0.71,20.0,Défenseurs Centraux,Défenseurs,Jeune (< 23 ans)
Aster Vranckx,CM,Wolfsburg,0.0,0.01,0.3,0.0,0.02,0.04,1.05,43.19,85.7,3.69,0.38,1.13,0.6,0.45,2.33,0.98,1.35,2.48,1.28,22.0,Milieux Centraux,Milieux,Jeune (< 23 ans)
Pietro Comuzzo,CB,Fiorentina,0.0,0.0,0.17,0.0,0.0,0.0,0.33,61.83,85.7,3.33,0.5,0.0,0.5,0.33,2.17,0.67,1.33,2.5,4.0,19.0,Défenseurs Centraux,Défenseurs,Jeune (< 23 ans)
Amir Richardson,CM,Fiorentina,0.14,0.1,1.14,0.0,0.05,0.15,2.07,44.93,82.6,4.94,1.72,0.86,1.5,2.65,2.65,0.72,1.36,1.72,1.0,22.0,Milieux Centraux,Milieux,Jeune (< 23 ans)
Michael Kayode,RB,Fiorentina,0.05,0.03,0.41,0.05,0.05,0.08,1.42,54.9,81.4,3.44,1.92,0.96,0.96,4.51,2.33,0.81,1.06,1.92,0.66,20.0,Latéraux,Défenseurs,Jeune (< 23 ans)
Alessandro Bianco,CM,Fiorentina,0.08,0.04,1.16,0.0,0.06,0.1,3.07,60.69,83.0,6.78,2.23,1.44,0.48,1.44,1.48,1.08,1.4,1.04,0.44,22.0,Milieux Centraux,Milieux,Jeune (< 23 ans)
Matias Moreno,CB,Fiorentina,0.0,0.03,0.6,0.0,0.01,0.04,1.64,56.87,82.7,4.33,0.6,0.6,0.6,0.0,2.09,1.64,1.79,2.69,1.64,21.0,Défenseurs Centraux,Défenseurs,Jeune (< 23 ans)
Santiago Castro,CF,Bologna,0.42,0.29,3.15,0.21,0.13,0.42,2.1,17.87,77.6,1.16,0.53,0.95,4.0,5.99,0.74,0.21,0.53,1.05,1.79,20.0,Attaquants,Attaquants,Jeune (< 23 ans)
Giovanni Fabbian,AM,Bologna,0.32,0.29,2.28,0.13,0.13,0.42,1.71,22.36,78.2,1.33,1.08,0.76,3.8,3.1,1.39,0.57,0.38,0.76,1.27,21.0,Milieux Offensifs,Milieux,Jeune (< 23 ans)
Kacper Urbanski,CM,Bologna,0.08,0.11,1.67,0.08,0.1,0.21,3.42,39.63,80.9,3.42,2.39,1.91,2.55,7.48,1.75,0.4,1.59,1.43,1.99,20.0,Milieux Centraux,Milieux,Jeune (< 23 ans)
Samuel Iling-Junior,LW,Bologna,0.21,0.08,1.48,0.11,0.15,0.23,3.81,50.93,75.9,3.39,3.49,1.06,2.96,9.21,2.22,0.74,1.59,2.01,0.74,21.0,Ailiers,Attaquants,Jeune (< 23 ans)
Benjamín Domínguez,LW,Bologna,0.09,0.12,2.63,0.09,0.18,0.29,3.47,24.84,68.7,1.97,3.0,2.06,4.41,10.22,0.94,0.38,0.94,0.19,0.56,21.0,Ailiers,Attaquants,Jeune (< 23 ans)
Kobbie Mainoo,CM,Manchester Utd,0.11,0.04,0.53,0.04,0.05,0.08,1.73,41.84,86.8,3.18,1.13,1.66,1.45,1.8,2.29,1.27,0.92,1.23,0.85,19.0,Milieux Centraux,Milieux,Jeune (< 23 ans)
Alejandro Garnacho,LW,Manchester Utd,0.26,0.32,3.41,0.14,0.16,0.48,3.7,30.23,76.1,1.91,5.73,1.5,7.98,9.84,0.93,0.69,0.93,0.61,0.14,20.0,Ailiers,Attaquants,Jeune (< 23 ans)
Amad Diallo,RW,Manchester Utd,0.21,0.1,1.87,0.21,0.26,0.36,4.89,43.91,86.0,3.23,4.27,1.46,6.24,10.92,2.71,0.31,0.52,0.83,0.52,22.0,Ailiers,Attaquants,Jeune (< 23 ans)
Rasmus Højlund,CF,Manchester Utd,0.51,0.37,1.49,0.08,0.07,0.43,2.28,15.67,74.4,1.22,1.37,0.63,3.61,4.24,0.39,0.04,0.55,0.59,1.14,21.0,Attaquants,Attaquants,Jeune (< 23 ans)
Malick Fofana,LW,Lyon,0.56,0.29,1.59,0.19,0.13,0.41,3.08,31.28,77.3,2.05,5.7,1.59,4.67,9.24,0.93,0.65,0.28,1.21,0.09,19.0,Ailiers,Attaquants,Jeune (< 23 ans)
Gift Orban,CF,Lyon,0.41,0.31,1.64,0.0,0.0,0.31,1.36,18.55,69.9,1.09,1.23,0.95,4.77,6.14,0.55,0.14,0.27,0.27,0.55,22.0,Attaquants,Attaquants,Jeune (< 23 ans)
Ernest Nuamah,RW,Lyon,0.15,0.2,2.17,0.1,0.19,0.39,3.6,36.16,78.1,3.69,5.47,2.36,5.42,11.82,1.38,0.44,0.74,0.49,0.44,20.0,Ailiers,Attaquants,Jeune (< 23 ans)
Rayan Cherki,AM,Lyon,0.28,0.27,2.31,0.68,0.48,0.75,7.26,61.48,78.6,9.75,4.45,3.17,6.19,7.9,0.75,0.36,0.39,0.32,0.21,21.0,Milieux Offensifs,Milieux,Jeune (< 23 ans)
Sael Kumbedi,RB,Lyon,0.0,0.02,0.36,0.0,0.12,0.12,1.78,61.66,81.5,4.81,2.5,0.89,1.78,8.2,2.67,1.6,1.07,2.14,0.36,19.0,Latéraux,Défenseurs,Jeune (< 23 ans)
Tim Breithaupt,DM,Augsburg,0.0,0.02,0.33,0.17,0.08,0.08,1.82,44.25,85.0,4.81,0.17,0.5,0.17,0.33,2.98,1.49,2.15,0.99,1.66,22.0,Milieux Défensifs,Milieux,Jeune (< 23 ans)
Arne Engels,CM,Augsburg,0.21,0.18,1.86,0.28,0.14,0.32,2.34,36.12,69.9,3.65,1.51,0.28,1.58,4.4,2.2,0.76,1.45,1.31,0.62,21.0,Milieux Centraux,Milieux,Jeune (< 23 ans)
Chrislain Matsima,CB,Augsburg,0.06,0.01,0.39,0.06,0.01,0.02,0.77,54.99,88.2,4.71,1.16,0.13,0.39,0.32,1.61,1.1,1.22,5.22,2.06,22.0,Défenseurs Centraux,Défenseurs,Jeune (< 23 ans)
Yusuf Kabadayı,LW,Augsburg,0.29,0.22,2.44,0.0,0.04,0.26,2.53,22.99,62.7,1.56,2.63,1.95,3.41,5.55,1.56,0.39,1.36,1.36,1.17,20.0,Ailiers,Attaquants,Jeune (< 23 ans)
Luis Guilherme,RW,West Ham,0.16,0.2,2.63,0.16,0.2,0.39,5.76,37.51,81.6,3.78,5.1,2.47,3.13,8.56,0.82,0.49,0.33,0.33,0.82,18.0,Ailiers,Attaquants,Jeune (< 23 ans)
Illia Zabarnyi,CB,Bournemouth,0.03,0.03,0.22,0.0,0.01,0.04,0.78,49.03,82.1,3.14,0.53,0.06,0.44,0.06,1.58,0.89,1.36,4.08,2.06,22.0,Défenseurs Centraux,Défenseurs,Jeune (< 23 ans)
Milos Kerkez,LB,Bournemouth,0.0,0.06,0.91,0.05,0.04,0.1,2.01,38.76,73.0,2.93,2.3,0.34,1.44,4.17,1.63,0.91,1.39,2.54,0.58,20.0,Latéraux,Défenseurs,Jeune (< 23 ans)
Dango Ouattara,LW,Bournemouth,0.14,0.25,2.06,0.21,0.16,0.42,3.22,41.95,64.9,2.67,3.98,1.51,5.21,7.4,3.29,1.58,1.44,2.67,2.67,22.0,Ailiers,Attaquants,Jeune (< 23 ans)
Dean Huijsen,CB,Bournemouth,0.25,0.06,0.88,0.0,0.01,0.08,1.51,76.68,87.0,3.52,0.5,0.13,1.13,2.01,1.51,0.88,1.13,4.27,2.51,19.0,Défenseurs Centraux,Défenseurs,Jeune (< 23 ans)
Alex Scott,CM,Bournemouth,0.07,0.07,1.33,0.07,0.13,0.2,3.78,42.37,78.1,5.63,2.0,0.96,2.37,3.33,2.96,1.19,1.48,1.63,1.11,21.0,Milieux Centraux,Milieux,Jeune (< 23 ans)
James Hill,CB,Bournemouth,0.08,0.06,0.81,0.24,0.13,0.19,1.37,64.62,76.8,4.67,1.69,0.08,1.21,1.93,2.34,2.18,1.29,4.67,3.95,22.0,Défenseurs Centraux,Défenseurs,Jeune (< 23 ans)
Máximo Perrone,DM,Como,0.0,0.01,0.23,0.05,0.04,0.05,1.65,69.32,90.2,3.94,0.55,0.28,0.46,1.15,2.06,1.28,1.38,1.51,0.41,21.0,Milieux Défensifs,Milieux,Jeune (< 23 ans)
Nicolás Paz,AM,Como,0.19,0.24,4.11,0.37,0.37,0.62,5.41,45.56,80.3,6.35,4.67,3.17,3.36,5.79,1.87,0.93,2.8,0.56,1.31,20.0,Milieux Offensifs,Milieux,Jeune (< 23 ans)
Alieu Fadera,LW,Como,0.18,0.19,1.96,0.18,0.37,0.56,5.07,40.2,73.2,1.51,3.74,1.16,6.23,10.94,2.76,0.53,1.33,0.18,0.89,22.0,Ailiers,Attaquants,Jeune (< 23 ans)
Ignace Van Der Brempt,RB,Como,0.0,0.02,0.65,0.19,0.19,0.21,2.33,59.41,75.4,5.6,3.73,1.96,2.05,4.66,3.92,1.12,1.87,3.36,1.68,22.0,Latéraux,Défenseurs,Jeune (< 23 ans)
Matthias Braunöder,CM,Como,0.1,0.04,1.13,0.0,0.03,0.07,2.27,48.56,82.0,5.15,1.44,0.21,0.82,1.65,2.47,1.24,1.65,0.72,1.55,22.0,Milieux Centraux,Milieux,Jeune (< 23 ans)
Lucien Agoume,DM,Sevilla,0.0,0.06,0.55,0.0,0.05,0.12,2.47,48.39,82.7,4.39,1.03,1.03,1.17,1.3,2.4,0.96,1.23,1.1,1.3,22.0,Milieux Défensifs,Milieux,Jeune (< 23 ans)
Peque,SS,Sevilla,0.34,0.31,1.99,0.11,0.15,0.46,3.93,33.62,77.5,5.08,1.57,2.33,4.32,5.62,1.83,0.34,1.11,0.46,1.15,22.0,Attaquants,Attaquants,Jeune (< 23 ans)
Tanguy Nianzou,CB,Sevilla,0.0,0.02,0.46,0.0,0.0,0.02,0.46,49.91,89.4,2.89,0.69,0.58,0.81,0.12,2.2,1.39,0.35,3.93,2.43,22.0,Défenseurs Centraux,Défenseurs,Jeune (< 23 ans)
Juanlu Sánchez,RB,Sevilla,0.06,0.08,0.57,0.06,0.06,0.14,2.27,50.01,79.2,3.28,2.46,1.32,1.45,7.68,3.53,1.13,1.26,1.89,0.94,21.0,Latéraux,Défenseurs,Jeune (< 23 ans)
Kike Salas,CB,Sevilla,0.1,0.04,0.8,0.0,0.03,0.07,0.85,58.76,78.9,3.31,0.65,0.05,1.65,0.95,2.21,1.45,1.45,4.81,3.91,22.0,Défenseurs Centraux,Défenseurs,Jeune (< 23 ans)
Alejandro Francés,CB,Girona,0.07,0.04,0.77,0.04,0.01,0.05,1.23,57.93,79.2,5.47,1.12,0.39,0.95,0.53,1.68,1.65,0.67,4.07,2.07,22.0,Défenseurs Centraux,Défenseurs,Jeune (< 23 ans)
Arnau Martinez,RB,Girona,0.0,0.01,0.06,0.13,0.06,0.08,1.46,71.46,89.4,6.39,1.77,0.25,0.76,2.41,1.96,0.51,0.76,2.78,0.7,21.0,Latéraux,Défenseurs,Jeune (< 23 ans)
Yaser Asprilla,RW,Girona,0.24,0.19,2.56,0.24,0.18,0.37,4.65,36.88,73.9,5.0,2.48,1.85,3.23,6.86,1.42,0.67,0.87,0.16,0.2,20.0,Ailiers,Attaquants,Jeune (< 23 ans)
Jhon Solis,CM,Girona,0.0,0.15,1.41,0.0,0.04,0.19,2.57,50.91,87.6,5.14,1.16,1.29,0.77,2.7,2.06,1.41,2.44,1.67,1.03,20.0,Milieux Centraux,Milieux,Jeune (< 23 ans)
Omar El Hilali,RB,Espanyol,0.0,0.0,0.0,0.0,0.0,0.0,0.56,44.78,78.3,2.9,1.56,0.78,0.0,1.12,2.79,1.01,1.34,4.47,1.45,21.0,Latéraux,Défenseurs,Jeune (< 23 ans)
Alejo Véliz,CF,Espanyol,0.28,0.28,2.07,0.0,0.07,0.34,0.83,14.47,68.6,0.83,0.14,0.28,2.62,2.48,0.41,0.14,1.24,1.93,3.86,21.0,Attaquants,Attaquants,Jeune (< 23 ans)
Adrien Truffert,LB,Rennes,0.03,0.03,0.98,0.03,0.07,0.11,2.06,51.19,77.1,4.11,2.27,0.91,2.02,7.6,1.78,0.7,1.22,1.85,0.66,22.0,Latéraux,Défenseurs,Jeune (< 23 ans)
Arnaud Kalimuendo,CF,Rennes,0.33,0.28,2.5,0.04,0.1,0.38,2.5,19.29,80.3,1.56,1.2,0.58,4.53,7.58,0.29,0.11,0.54,0.18,0.51,22.0,Attaquants,Attaquants,Jeune (< 23 ans)
Carlos Gómez,RW,Rennes,0.63,0.41,3.44,0.34,0.4,0.81,4.17,29.74,66.6,2.33,4.12,2.52,5.91,11.63,1.94,0.34,1.16,0.53,0.19,22.0,Ailiers,Attaquants,Jeune (< 23 ans)
Jordan James,CM,Rennes,0.3,0.14,1.48,0.0,0.05,0.2,2.21,31.94,75.7,3.86,1.78,0.89,1.48,2.04,1.91,1.19,1.48,1.15,0.68,20.0,Milieux Centraux,Milieux,Jeune (< 23 ans)
Javi López,LB,Real Sociedad,0.03,0.03,0.66,0.07,0.08,0.11,1.75,43.3,71.8,3.49,2.04,1.32,1.45,4.15,1.09,0.33,0.86,2.9,0.89,22.0,Latéraux,Défenseurs,Jeune (< 23 ans)
Jon Aramburu,RB,Real Sociedad,0.0,0.04,0.8,0.0,0.04,0.07,1.24,56.51,78.3,4.44,1.42,0.27,0.8,3.64,4.35,0.71,1.69,3.82,1.6,22.0,Latéraux,Défenseurs,Jeune (< 23 ans)
Beñat Turrientes,CM,Real Sociedad,0.0,0.07,1.37,0.04,0.02,0.1,1.72,41.25,84.7,3.3,1.63,1.16,1.16,2.53,1.76,0.34,1.29,0.81,1.07,22.0,Milieux Centraux,Milieux,Jeune (< 23 ans)
Luka Sučić,CM,Real Sociedad,0.23,0.1,1.97,0.0,0.12,0.22,3.24,43.96,78.9,5.32,1.39,1.16,1.5,2.66,1.5,0.58,1.62,0.81,0.69,22.0,Milieux Centraux,Milieux,Jeune (< 23 ans)
Ander Barrenetxea,LW,Real Sociedad,0.16,0.14,2.12,0.11,0.14,0.28,2.93,37.29,68.0,3.31,4.02,2.5,5.43,11.56,2.39,0.33,1.09,0.71,1.09,22.0,Ailiers,Attaquants,Jeune (< 23 ans)
Luca Netz,LB,Gladbach,0.0,0.03,0.57,0.15,0.12,0.15,2.66,51.91,79.3,3.23,1.52,0.8,1.44,4.17,1.82,0.99,1.4,2.92,1.37,21.0,Latéraux,Défenseurs,Jeune (< 23 ans)
Joe Scally,RB,Gladbach,0.0,0.02,0.38,0.15,0.06,0.08,1.23,56.76,82.6,2.8,1.73,0.65,0.96,2.99,1.54,0.69,1.07,2.76,0.84,21.0,Latéraux,Défenseurs,Jeune (< 23 ans)
Rocco Reitz,CM,Gladbach,0.28,0.18,1.57,0.09,0.06,0.24,3.0,49.17,77.0,4.93,1.43,0.92,2.12,2.53,2.9,2.3,2.58,1.11,0.6,22.0,Milieux Centraux,Milieux,Jeune (< 23 ans)
Kamory Doumbia,AM,Brest,0.51,0.43,2.36,0.42,0.08,0.51,2.87,48.46,85.4,4.55,1.94,1.26,3.2,4.3,2.87,1.01,1.18,0.67,0.93,21.0,Milieux Offensifs,Milieux,Jeune (< 23 ans)
Abdoulaye Niakhate Ndiaye,CB,Brest,0.0,0.02,0.36,0.09,0.01,0.03,0.27,60.27,83.9,3.23,0.41,0.64,0.5,0.0,1.77,1.32,2.14,5.68,2.23,22.0,Défenseurs Centraux,Défenseurs,Jeune (< 23 ans)
Soumaïla Coulibaly,CB,Brest,0.0,0.01,0.26,0.0,0.0,0.01,0.79,54.19,89.8,1.98,0.53,0.13,0.26,0.0,0.79,1.45,1.06,4.36,1.19,21.0,Défenseurs Centraux,Défenseurs,Jeune (< 23 ans)
Arouna Sangante,CB,Le Havre,0.03,0.04,0.61,0.0,0.04,0.08,1.28,51.43,81.3,3.95,0.84,0.44,1.22,0.95,1.82,2.3,1.15,3.17,1.82,22.0,Défenseurs Centraux,Défenseurs,Jeune (< 23 ans)
Yassine Kechta,CM,Le Havre,0.09,0.08,1.09,0.05,0.1,0.18,2.73,42.66,80.4,5.55,1.77,0.45,1.14,3.87,1.96,0.86,0.96,0.77,0.36,22.0,Milieux Centraux,Milieux,Jeune (< 23 ans)
Oussama Targhalline,CM,Le Havre,0.0,0.02,0.5,0.0,0.04,0.06,2.14,56.36,84.3,5.93,1.86,0.5,0.71,1.5,1.93,1.79,0.86,1.07,0.79,22.0,Milieux Centraux,Milieux,Jeune (< 23 ans)
Etienne Youte Kinkoue,CB,Le Havre,0.0,0.02,0.33,0.0,0.0,0.03,0.5,42.76,86.1,1.45,0.58,0.04,0.58,0.17,0.71,1.95,1.04,4.48,1.25,22.0,Défenseurs Centraux,Défenseurs,Jeune (< 23 ans)
Rassoul Ndiaye,CM,Le Havre,0.16,0.18,1.78,0.0,0.08,0.26,1.62,40.95,76.3,2.91,0.65,0.65,1.46,2.27,3.72,0.65,0.81,0.0,0.65,22.0,Milieux Centraux,Milieux,Jeune (< 23 ans)
Antoine Joujou,LW,Le Havre,0.0,0.13,2.24,0.0,0.05,0.18,3.13,26.33,66.0,1.97,4.3,2.78,4.48,9.22,2.15,0.9,1.7,0.63,0.81,21.0,Ailiers,Attaquants,Jeune (< 23 ans)
Mathis Amougou,CM,Saint-Étienne,0.0,0.03,0.67,0.0,0.02,0.05,1.84,27.82,79.5,4.36,0.67,0.84,0.34,0.67,1.34,1.68,0.67,0.34,0.17,18.0,Milieux Centraux,Milieux,Jeune (< 23 ans)
Pierre Ekwah Elimby,DM,Saint-Étienne,0.1,0.08,1.88,0.07,0.04,0.11,2.02,54.79,84.6,6.4,0.7,0.66,0.56,1.08,1.67,0.97,1.36,1.11,0.66,22.0,Milieux Défensifs,Milieux,Jeune (< 23 ans)
Lucas Stassin,CF,Saint-Étienne,0.52,0.37,2.71,0.39,0.39,0.76,3.36,21.05,69.9,1.68,1.42,1.03,4.13,5.94,1.03,0.39,0.0,0.39,1.42,19.0,Attaquants,Attaquants,Jeune (< 23 ans)
Louis Mouton,DM,Saint-Étienne,0.0,0.05,1.21,0.08,0.13,0.18,3.31,52.39,77.3,5.73,1.86,0.89,0.65,3.15,3.71,1.05,1.29,1.53,0.97,22.0,Milieux Défensifs,Milieux,Jeune (< 23 ans)
Benjamin Bouchouari,CM,Saint-Étienne,0.0,0.08,1.59,0.0,0.05,0.13,3.51,58.22,86.4,7.28,2.93,1.67,1.76,4.43,2.59,0.42,0.59,0.08,0.5,22.0,Milieux Centraux,Milieux,Jeune (< 23 ans)
Bertuğ Yıldırım,CF,Getafe,0.1,0.21,1.43,0.1,0.14,0.36,2.04,15.73,65.6,2.15,1.23,0.51,3.88,3.98,1.23,0.1,1.63,1.02,3.88,22.0,Attaquants,Attaquants,Jeune (< 23 ans)
Jesús Santiago,CM,Getafe,0.11,0.07,0.66,0.0,0.04,0.11,1.53,25.92,75.1,2.19,0.66,0.33,1.2,1.64,2.41,0.0,0.55,1.09,0.66,20.0,Milieux Centraux,Milieux,Jeune (< 23 ans)
Peter Federico,RW,Getafe,0.0,0.22,2.17,0.0,0.11,0.33,1.94,22.19,66.0,1.94,2.29,1.49,3.66,6.18,0.8,0.8,1.49,1.26,1.49,22.0,Ailiers,Attaquants,Jeune (< 23 ans)
Victor Bernth Kristiansen,LB,Leicester City,0.0,0.01,0.14,0.07,0.06,0.06,1.55,64.2,83.2,4.45,1.06,0.42,0.21,2.72,2.4,0.71,1.48,2.12,0.85,21.0,Latéraux,Défenseurs,Jeune (< 23 ans)
Facundo Buonanotte,AM,Leicester City,0.24,0.15,1.42,0.14,0.14,0.29,2.6,31.85,83.8,3.31,1.8,1.18,2.56,4.54,2.65,0.43,1.61,0.52,0.47,19.0,Milieux Offensifs,Milieux,Jeune (< 23 ans)
Abdul Fatawu Issahaku,RW,Leicester City,0.22,0.17,2.43,0.44,0.37,0.54,4.28,37.51,73.4,3.61,4.61,2.91,5.5,12.8,2.03,0.63,1.29,1.25,1.66,20.0,Ailiers,Attaquants,Jeune (< 23 ans)
Bilal El Khannouss,AM,Leicester City,0.05,0.08,1.57,0.34,0.39,0.47,6.32,63.04,73.1,8.97,1.81,1.32,1.67,6.37,2.16,0.29,0.88,0.64,1.23,20.0,Milieux Offensifs,Milieux,Jeune (< 23 ans)
Kasey McAteer,RW,Leicester City,0.24,0.35,2.69,0.0,0.1,0.45,1.59,32.48,80.8,2.08,2.81,0.85,3.91,8.55,1.95,0.61,0.49,1.34,1.71,22.0,Ailiers,Attaquants,Jeune (< 23 ans)
Thomas Cannon,CF,Leicester City,0.55,0.28,2.75,0.11,0.03,0.31,1.32,16.74,69.1,0.33,0.99,0.22,3.86,5.51,0.55,0.22,0.66,0.55,1.98,21.0,Attaquants,Attaquants,Jeune (< 23 ans)
Clément Akpa,LB,Auxerre,0.0,0.0,0.17,0.0,0.21,0.22,3.15,63.37,74.3,5.56,3.82,1.41,0.66,6.97,1.74,1.49,1.0,2.24,1.33,22.0,Latéraux,Défenseurs,Jeune (< 23 ans)
Ki-Jana Hoever,RB,Auxerre,0.11,0.08,1.0,0.11,0.1,0.18,2.0,57.2,68.2,5.46,1.36,0.54,1.03,3.57,2.71,2.36,0.86,2.5,1.36,22.0,Latéraux,Défenseurs,Jeune (< 23 ans)
Botond Balogh,CB,Parma,0.0,0.0,0.0,0.0,0.0,0.0,0.47,41.81,90.0,1.71,0.16,0.0,0.0,0.0,2.02,1.24,2.18,7.15,0.78,22.0,Défenseurs Centraux,Défenseurs,Jeune (< 23 ans)
Ange-Yoan Bonny,CF,Parma,0.17,0.31,2.72,0.17,0.19,0.49,3.74,19.53,74.8,2.55,1.53,0.85,4.92,7.3,1.02,0.0,0.17,0.34,0.51,21.0,Attaquants,Attaquants,Jeune (< 23 ans)
Alessandro Circati,CB,Parma,0.0,0.01,0.18,0.0,0.0,0.01,0.41,50.87,87.5,1.95,0.05,0.18,0.45,0.14,0.82,1.04,0.95,3.76,3.44,21.0,Défenseurs Centraux,Défenseurs,Jeune (< 23 ans)
Matteo Cancellieri,RW,Parma,0.29,0.28,2.06,0.11,0.12,0.4,2.64,17.87,58.7,1.37,2.29,1.66,3.95,6.82,1.72,0.34,0.63,1.09,1.66,22.0,Ailiers,Attaquants,Jeune (< 23 ans)
Drissa Camara,CM,Parma,0.39,0.24,3.16,0.0,0.18,0.41,5.72,36.71,80.1,3.95,3.75,3.95,5.53,8.49,2.37,0.79,1.38,0.2,0.2,22.0,Milieux Centraux,Milieux,Jeune (< 23 ans)
Mandela Keita,DM,Parma,0.0,0.01,0.55,0.07,0.04,0.06,1.44,58.7,89.1,4.87,1.51,1.17,0.27,0.62,3.09,2.4,1.44,0.89,1.3,22.0,Milieux Défensifs,Milieux,Jeune (< 23 ans)
Giovanni Leoni,CB,Parma,0.12,0.06,0.47,0.0,0.01,0.07,0.35,43.88,83.3,2.48,0.12,0.12,0.59,0.0,2.01,1.77,0.94,4.36,1.89,17.0,Défenseurs Centraux,Défenseurs,Jeune (< 23 ans)
Zito Luvumbo,CF,Cagliari,0.09,0.18,2.12,0.28,0.15,0.34,2.54,18.87,61.6,1.15,3.6,1.2,5.26,8.3,0.46,0.05,0.83,0.14,0.23,22.0,Attaquants,Attaquants,Jeune (< 23 ans)
Matteo Prati,DM,Cagliari,0.04,0.09,1.6,0.04,0.04,0.13,2.31,34.88,74.0,2.89,0.36,0.18,1.02,0.89,2.09,0.71,1.25,1.2,0.4,20.0,Milieux Défensifs,Milieux,Jeune (< 23 ans)
Adam Obert,CB,Cagliari,0.0,0.02,0.44,0.0,0.06,0.08,1.78,41.84,78.8,4.55,1.66,0.33,0.33,1.33,1.22,2.33,1.33,3.88,0.89,22.0,Défenseurs Centraux,Défenseurs,Jeune (< 23 ans)
Tim Iroegbunam,CM,Everton,0.0,0.03,0.66,0.0,0.02,0.05,1.48,25.34,78.6,1.81,1.32,1.32,1.81,1.15,4.11,1.65,1.48,1.32,0.99,21.0,Milieux Centraux,Milieux,Jeune (< 23 ans)
Jarrad Branthwaite,CB,Everton,0.1,0.05,0.37,0.0,0.03,0.08,0.68,38.55,79.2,1.99,0.07,0.17,1.08,0.17,1.86,1.45,1.49,4.93,2.67,22.0,Défenseurs Centraux,Défenseurs,Jeune (< 23 ans)
Patrick Dorgu,LW,Lecce,0.16,0.19,1.65,0.0,0.08,0.26,2.38,35.26,78.2,2.27,2.53,0.57,2.38,4.91,2.27,0.62,0.83,2.38,1.65,20.0,Ailiers,Attaquants,Jeune (< 23 ans)
Koni De Winter,CB,Genoa,0.03,0.04,0.48,0.0,0.01,0.05,0.85,50.35,88.9,2.95,0.75,0.2,1.22,0.54,1.7,0.92,1.02,3.5,2.75,22.0,Défenseurs Centraux,Défenseurs,Jeune (< 23 ans)
Fabio Miretti,CM,Genoa,0.09,0.11,1.7,0.09,0.08,0.19,4.52,34.49,75.7,3.58,1.51,1.51,2.64,5.18,1.79,0.66,0.85,0.47,0.28,21.0,Milieux Centraux,Milieux,Jeune (< 23 ans)
Brooke Norton-Cuffy,RB,Genoa,0.1,0.09,0.7,0.2,0.12,0.21,1.86,33.43,67.6,2.01,2.86,1.96,1.66,4.72,2.76,1.05,1.25,1.86,1.71,20.0,Latéraux,Défenseurs,Jeune (< 23 ans)
Alessandro Marcandalli,CB,Genoa,0.04,0.02,0.32,0.04,0.02,0.04,0.59,46.68,87.9,2.84,0.39,0.39,1.03,0.12,1.26,1.74,1.34,3.12,2.09,22.0,Défenseurs Centraux,Défenseurs,Jeune (< 23 ans)
Robert Wagner,CM,St. Pauli,0.19,0.09,0.6,0.09,0.04,0.13,1.58,44.79,82.3,4.0,0.23,0.23,0.79,0.93,2.14,0.6,1.72,1.44,0.88,21.0,Milieux Centraux,Milieux,Jeune (< 23 ans)
Cristhian Mosquera,CB,Valencia,0.0,0.02,0.26,0.0,0.0,0.02,0.39,48.96,88.8,2.58,0.58,0.16,0.39,0.03,1.29,0.97,1.34,3.82,1.5,20.0,Défenseurs Centraux,Défenseurs,Jeune (< 23 ans)
Diego López,RW,Valencia,0.07,0.1,1.22,0.23,0.2,0.3,2.41,26.33,66.1,2.38,2.41,0.79,3.24,6.24,0.99,0.63,0.69,0.43,1.06,22.0,Ailiers,Attaquants,Jeune (< 23 ans)
César Tárrega,CB,Valencia,0.0,0.1,0.57,0.0,0.0,0.1,0.0,47.0,79.6,2.43,0.71,0.29,0.86,0.0,1.14,0.57,0.86,4.71,1.86,22.0,Défenseurs Centraux,Défenseurs,Jeune (< 23 ans)
Jesus Vazquez,LB,Valencia,0.07,0.09,0.72,0.0,0.03,0.12,1.08,38.09,71.1,1.87,2.45,1.08,1.44,4.03,2.81,0.58,1.94,3.1,1.08,21.0,Latéraux,Défenseurs,Jeune (< 23 ans)
Javier Guerra,CM,Valencia,0.04,0.07,1.56,0.0,0.02,0.09,1.64,34.83,72.6,3.2,1.48,1.08,0.68,2.32,2.16,0.48,0.56,1.68,0.92,21.0,Milieux Centraux,Milieux,Jeune (< 23 ans)
Yarek Gasiorowski,CB,Valencia,0.0,0.02,0.18,0.0,0.01,0.02,0.72,38.28,74.0,1.79,0.45,0.09,0.72,0.9,2.6,1.61,1.88,5.65,1.97,19.0,Défenseurs Centraux,Défenseurs,Jeune (< 23 ans)
Francisco Perez,RW,Valencia,0.06,0.05,1.01,0.12,0.08,0.14,1.78,26.5,72.7,2.08,2.73,1.84,2.19,6.82,1.48,0.71,0.89,0.3,0.36,22.0,Ailiers,Attaquants,Jeune (< 23 ans)
Germán Valera,RW,Valencia,0.0,0.1,1.17,0.05,0.07,0.17,3.08,29.12,72.3,2.4,3.33,1.81,2.74,8.42,1.47,0.78,1.17,1.17,0.69,22.0,Ailiers,Attaquants,Jeune (< 23 ans)
Becir Omeragic,CB,Montpellier,0.0,0.02,0.35,0.0,0.03,0.05,0.96,41.28,86.5,2.95,0.77,0.27,0.77,0.42,2.22,1.03,1.84,2.53,1.11,22.0,Défenseurs Centraux,Défenseurs,Jeune (< 23 ans)
Enzo Tchato,RB,Montpellier,0.0,0.02,0.23,0.0,0.02,0.04,1.45,49.95,75.1,3.54,1.85,0.23,0.75,4.64,1.97,0.87,1.51,2.38,0.81,21.0,Latéraux,Défenseurs,Jeune (< 23 ans)
Khalil Fayad,CM,Montpellier,0.23,0.16,1.47,0.0,0.05,0.2,2.09,34.96,81.6,3.57,1.78,0.78,1.94,3.64,2.95,1.01,1.4,0.78,0.93,20.0,Milieux Centraux,Milieux,Jeune (< 23 ans)
Lucas Mincarelli,LB,Montpellier,0.08,0.03,0.45,0.08,0.06,0.08,0.91,41.86,74.7,2.8,2.2,0.61,0.91,3.78,2.35,0.68,1.36,2.5,0.98,20.0,Latéraux,Défenseurs,Jeune (< 23 ans)
Tim Drexler,CB,Hoffenheim,0.0,0.01,0.19,0.0,0.0,0.01,1.05,50.5,88.4,2.49,0.77,0.1,0.38,0.19,3.35,0.86,1.72,2.2,0.48,19.0,Défenseurs Centraux,Défenseurs,Jeune (< 23 ans)
Adam Hložek,SS,Hoffenheim,0.44,0.48,3.92,0.29,0.17,0.65,2.54,23.5,77.8,2.54,2.25,1.09,4.93,4.5,1.09,0.22,1.31,0.65,1.31,22.0,Attaquants,Attaquants,Jeune (< 23 ans)
Tom Bischof,AM,Hoffenheim,0.0,0.11,2.18,0.16,0.14,0.23,4.2,48.43,77.5,4.83,2.18,1.09,2.18,4.36,3.58,1.09,1.56,2.49,0.31,19.0,Milieux Offensifs,Milieux,Jeune (< 23 ans)
Umut Tohumcu,CM,Hoffenheim,0.0,0.03,1.24,0.21,0.08,0.12,2.0,38.47,88.0,3.87,1.45,0.35,0.62,2.07,1.52,0.62,0.97,1.11,0.14,20.0,Milieux Centraux,Milieux,Jeune (< 23 ans)
Gaetano Oristanio,AM,Venezia,0.2,0.16,1.91,0.07,0.11,0.27,3.34,18.19,68.9,2.18,1.91,2.73,2.93,5.25,1.64,0.68,1.16,0.75,1.36,22.0,Milieux Offensifs,Milieux,Jeune (< 23 ans)
Mikael Ellertsson,CM,Venezia,0.07,0.11,1.39,0.07,0.12,0.23,2.27,29.12,74.3,2.2,1.76,0.95,1.76,4.4,1.39,0.95,1.61,1.54,0.59,22.0,Milieux Centraux,Milieux,Jeune (< 23 ans)
Gianluca Busio,CM,Venezia,0.23,0.18,1.44,0.16,0.16,0.34,2.89,43.87,82.8,4.84,2.42,0.97,2.81,4.17,1.75,0.78,1.4,1.72,0.94,22.0,Milieux Centraux,Milieux,Jeune (< 23 ans)
Joël Schingtienne,CB,Venezia,0.0,0.0,0.0,0.0,0.02,0.02,0.67,41.12,81.0,2.07,0.96,0.82,0.34,0.34,1.88,0.96,1.4,3.66,0.48,22.0,Défenseurs Centraux,Défenseurs,Jeune (< 23 ans)
Richie Sagrado,RB,Venezia,0.0,0.03,0.58,0.0,0.06,0.1,1.07,28.18,73.9,1.82,0.74,0.74,1.57,3.47,1.65,0.99,0.74,1.74,0.91,20.0,Latéraux,Défenseurs,Jeune (< 23 ans)
Antonio Raimondo,CF,Venezia,0.37,0.35,3.21,0.05,0.05,0.4,1.58,15.95,67.3,0.79,1.26,0.53,4.84,5.58,0.68,0.26,0.63,0.58,2.32,20.0,Attaquants,Attaquants,Jeune (< 23 ans)
Franco Carboni,LB,Venezia,0.06,0.06,1.15,0.0,0.1,0.16,1.85,41.11,66.5,1.98,1.66,0.96,1.79,4.53,2.55,0.89,1.85,3.13,1.02,21.0,Latéraux,Défenseurs,Jeune (< 23 ans)
Lorenzo Lucchesi,CB,Venezia,0.08,0.08,0.48,0.04,0.02,0.1,0.88,42.17,72.3,2.63,1.59,0.6,1.0,0.8,1.95,1.55,1.28,3.79,1.2,21.0,Défenseurs Centraux,Défenseurs,Jeune (< 23 ans)
Omari Hutchinson,RW,Ipswich Town,0.0,0.06,1.17,0.15,0.09,0.15,2.2,27.56,76.1,2.79,2.79,2.64,1.91,4.25,0.73,0.44,1.17,0.59,0.44,21.0,Ailiers,Attaquants,Jeune (< 23 ans)
Liam Delap,CF,Ipswich Town,0.67,0.2,1.85,0.0,0.05,0.25,1.34,9.4,53.6,0.5,2.01,0.84,2.85,3.69,0.5,0.17,0.34,1.34,1.01,21.0,Attaquants,Attaquants,Jeune (< 23 ans)
Raúl Moro,LW,Valladolid,0.31,0.2,2.32,0.15,0.26,0.46,4.34,33.15,65.4,4.49,4.8,2.79,5.42,10.22,1.24,0.93,0.46,0.31,0.46,21.0,Ailiers,Attaquants,Jeune (< 23 ans)
David Torres,CB,Valladolid,0.0,0.01,0.12,0.0,0.01,0.02,0.77,63.69,83.7,4.36,1.47,0.18,0.24,0.24,1.3,0.47,0.94,2.65,2.18,21.0,Défenseurs Centraux,Défenseurs,Jeune (< 23 ans)
Warren Bondo,CM,Monza,0.05,0.05,0.86,0.05,0.01,0.06,1.53,37.31,90.2,2.21,1.58,0.68,0.63,0.77,1.8,0.36,0.86,0.68,0.54,21.0,Milieux Centraux,Milieux,Jeune (< 23 ans)
Adam Wharton,DM,Crystal Palace,0.0,0.02,0.84,0.15,0.15,0.17,2.9,45.64,78.7,6.44,0.93,0.2,0.44,0.79,3.05,1.33,0.98,1.62,0.54,20.0,Milieux Défensifs,Milieux,Jeune (< 23 ans)
Chadi Riad,CB,Crystal Palace,0.0,0.03,0.49,0.0,0.01,0.04,0.53,51.81,89.5,1.69,0.27,0.0,0.67,0.04,1.55,0.98,0.93,4.26,1.91,21.0,Défenseurs Centraux,Défenseurs,Jeune (< 23 ans)
Jacques Ekomie,LB,Angers,0.0,0.02,0.31,0.0,0.09,0.11,1.36,45.89,78.6,2.09,2.5,1.25,1.25,6.88,2.61,1.04,1.15,2.29,1.15,21.0,Latéraux,Défenseurs,Jeune (< 23 ans)
Alberto Moleiro,AM,Las Palmas,0.22,0.14,2.03,0.11,0.15,0.3,3.91,37.17,80.6,4.42,4.2,2.79,3.15,8.77,0.8,0.33,0.58,0.43,0.04,21.0,Milieux Offensifs,Milieux,Jeune (< 23 ans)
Fábio Silva,CF,Las Palmas,0.17,0.28,2.16,0.17,0.02,0.3,1.83,27.4,70.3,1.49,2.66,1.49,5.15,6.64,1.83,0.33,1.0,0.33,1.83,22.0,Attaquants,Attaquants,Jeune (< 23 ans)
Dario Essugo,DM,Las Palmas,0.0,0.0,0.15,0.0,0.01,0.01,0.74,39.88,85.1,2.45,1.04,1.41,0.3,0.82,2.3,1.56,1.56,2.38,1.34,19.0,Milieux Défensifs,Milieux,Jeune (< 23 ans)
Marko Ivezić,DM,Holstein Kiel,0.06,0.06,0.51,0.0,0.01,0.06,0.83,52.87,87.7,3.14,0.64,0.26,0.7,0.7,1.98,1.34,1.6,2.69,1.22,22.0,Milieux Défensifs,Milieux,Jeune (< 23 ans)
Tim Oermann,CB,Bochum,0.0,0.01,0.55,0.0,0.03,0.04,1.1,31.98,70.1,3.08,0.77,0.55,0.22,0.77,2.2,0.55,1.87,2.64,0.88,21.0,Défenseurs Centraux,Défenseurs,Jeune (< 23 ans)
Taylor Harwood-Bellis,CB,Southampton,0.18,0.09,0.72,0.0,0.02,0.11,1.08,80.46,86.4,3.24,0.54,0.18,1.62,0.54,0.18,1.26,2.16,3.24,1.44,22.0,Défenseurs Centraux,Défenseurs,Jeune (< 23 ans)
Mateus Fernandes,CM,Southampton,0.05,0.01,0.59,0.09,0.09,0.1,3.65,56.85,80.7,5.34,2.69,1.19,0.78,2.24,2.92,1.0,1.69,0.68,0.73,20.0,Milieux Centraux,Milieux,Jeune (< 23 ans)
Cameron Archer,CF,Southampton,0.21,0.35,2.43,0.05,0.13,0.49,2.32,16.3,78.6,0.53,1.74,1.48,3.75,5.33,1.0,0.11,0.95,0.47,0.21,22.0,Attaquants,Attaquants,Jeune (< 23 ans)
Samuel Edozie,LW,Southampton,0.39,0.2,1.8,0.23,0.2,0.4,4.22,35.19,79.3,3.05,7.98,3.68,8.76,15.87,2.11,0.31,1.09,0.39,0.7,21.0,Ailiers,Attaquants,Jeune (< 23 ans)
Carlos Alcaraz,CM,Southampton,0.3,0.3,2.79,0.2,0.09,0.39,3.99,52.08,81.4,5.69,2.69,1.9,2.69,5.29,3.09,0.4,2.2,1.2,1.2,21.0,Milieux Centraux,Milieux,Jeune (< 23 ans)
Nathan Wood-Gordon,CB,Southampton,0.0,0.01,0.25,0.0,0.01,0.02,0.43,67.68,91.5,3.2,0.55,0.18,0.61,0.18,1.05,0.61,1.35,2.95,1.84,22.0,Défenseurs Centraux,Défenseurs,Jeune (< 23 ans)
Rodrigo Gomes,RM,Wolves,0.28,0.23,1.63,0.28,0.1,0.33,2.24,33.3,71.8,2.62,3.69,0.98,3.46,6.26,1.77,0.84,1.54,2.01,0.28,21.0,Ailiers,Attaquants,Jeune (< 23 ans)
Carlos Forbs,LW,Wolves,0.25,0.26,2.39,0.25,0.23,0.49,3.78,32.22,73.8,3.27,5.66,2.01,6.42,12.59,2.39,0.5,1.26,0.63,0.13,20.0,Ailiers,Attaquants,Jeune (< 23 ans)
Geovany Quenda,RB,Sporting,0.14,0.15,2.16,0.0,0.08,0.23,4.19,49.32,78.4,4.32,5.14,1.62,3.92,8.92,0.95,0.27,0.68,0.95,0.68,17.0,Latéraux,Défenseurs,Jeune (< 23 ans)
Tomás Araújo,CB,Benfica,0.08,0.07,0.61,0.08,0.03,0.09,1.59,70.21,88.3,5.69,1.44,0.61,0.99,0.91,2.2,1.36,1.06,2.2,2.96,22.0,Défenseurs Centraux,Défenseurs,Jeune (< 23 ans)
Estevão,RW,Palmeiras,0.38,0.32,3.35,0.35,0.28,0.6,5.7,30.91,76.2,3.46,5.5,3.39,6.24,12.2,1.39,0.27,0.62,0.31,0.42,17.0,Ailiers,Attaquants,Jeune (< 23 ans)
Martin Baturina,AM,Dinamo Zagreb,0.25,0.05,0.75,0.25,0.22,0.27,4.23,36.8,82.4,5.47,4.72,2.98,2.49,3.98,1.99,0.5,1.24,0.25,0.0,21.0,Milieux Offensifs,Milieux,Jeune (< 23 ans)
Mohamed Nassoh,AM,PSV,0.13,0.13,2.12,0.06,0.17,0.31,3.98,40.7,75.7,5.71,3.98,1.35,3.47,8.86,1.93,0.45,1.41,0.64,0.71,22.0,Milieux Offensifs,Milieux,Jeune (< 23 ans)
